-- MariaDB dump 10.17  Distrib 10.5.5-MariaDB, for Win64 (AMD64)
--
-- Host: localhost    Database: TubesSpotify
-- ------------------------------------------------------
-- Server version	10.5.5-MariaDB

/*!40101 SET @OLD_CHARACTER_SET_CLIENT=@@CHARACTER_SET_CLIENT */;
/*!40101 SET @OLD_CHARACTER_SET_RESULTS=@@CHARACTER_SET_RESULTS */;
/*!40101 SET @OLD_COLLATION_CONNECTION=@@COLLATION_CONNECTION */;
/*!40101 SET NAMES utf8mb4 */;
/*!40103 SET @OLD_TIME_ZONE=@@TIME_ZONE */;
/*!40103 SET TIME_ZONE='+00:00' */;
/*!40014 SET @OLD_UNIQUE_CHECKS=@@UNIQUE_CHECKS, UNIQUE_CHECKS=0 */;
/*!40014 SET @OLD_FOREIGN_KEY_CHECKS=@@FOREIGN_KEY_CHECKS, FOREIGN_KEY_CHECKS=0 */;
/*!40101 SET @OLD_SQL_MODE=@@SQL_MODE, SQL_MODE='NO_AUTO_VALUE_ON_ZERO' */;
/*!40111 SET @OLD_SQL_NOTES=@@SQL_NOTES, SQL_NOTES=0 */;

--
-- Current Database: `TubesSpotify`
--

CREATE DATABASE /*!32312 IF NOT EXISTS*/ `tubesspotify` /*!40100 DEFAULT CHARACTER SET latin1 */;

USE `TubesSpotify`;

--
-- Table structure for table `album`
--

DROP TABLE IF EXISTS `album`;
/*!40101 SET @saved_cs_client     = @@character_set_client */;
/*!40101 SET character_set_client = utf8 */;
CREATE TABLE `album` (
  `Album_ID` int(11) NOT NULL,
  `Album_Title` varchar(255) NOT NULL,
  `YearofRelease` year(4) NOT NULL,
  `Artist_ID` int(11) DEFAULT NULL,
  PRIMARY KEY (`Album_ID`),
  KEY `FK_Album_ArtistID` (`Artist_ID`),
  CONSTRAINT `FK_Album_ArtistID` FOREIGN KEY (`Artist_ID`) REFERENCES `artist` (`Artist_ID`) ON UPDATE CASCADE
) ENGINE=InnoDB DEFAULT CHARSET=latin1;
/*!40101 SET character_set_client = @saved_cs_client */;

--
-- Dumping data for table `album`
--

LOCK TABLES `album` WRITE;
/*!40000 ALTER TABLE `album` DISABLE KEYS */;
INSERT INTO `album` (`Album_ID`, `Album_Title`, `YearofRelease`, `Artist_ID`) VALUES (5000,'Kenangan',2018,1000),(5001,'รท (Deluxe)',2017,1001),(5002,'+',2011,1001),(5003,'x (Deluxe Edition)',2014,1001),(5004,'Take Me Home',2012,1004),(5005,'Midnight Memories (Deluxe)',2013,1004),(5006,'FOUR (Deluxe)',2014,1004),(5007,'Made In The A.M. (Deluxe Edition)',2015,1004),(5008,'Escape From Tomorrow',2000,1007),(5009,'supercuts',2020,1008),(5010,'Johnny Suede',2007,1010),(5011,'Born in East L.A.',2020,1071),(5012,'Red (Deluxe Edition)',2012,1013),(5013,'1989',2014,1013),(5014,'reputation',2017,1013),(5015,'folklore',2020,1013),(5016,'Berlayar',2011,1014),(5017,'Musim Yang Baik',2014,1014),(5018,'Yours Truly',2013,1015),(5019,'My Everything',2014,1015),(5020,'Sweeter',2018,1015),(5021,'thank u, next',2019,1015),(5022,'Positions',2020,1015),(5023,'19',2008,1016),(5024,'21',2011,1016),(5025,'25',2015,1016),(5026,'Doo-Wops & Hooligans',2010,1017),(5027,'Unorthodox Jukebox',2012,1017),(5028,'24K Magic',2016,1017),(5029,'Experiment Perilous',2004,1018),(5030,'FRIENDS KEEP SECRETS',2018,1019),(5031,'Age of Tomorrow',1998,1021),(5032,'American Teen',2017,1022),(5033,'Suncity',2018,1022),(5034,'Free Spirit',2019,1022),(5035,'Pay or Die',2012,1012),(5036,'Manic',2020,1024),(5037,'Love & Human Remains',2013,1065),(5038,'Clarity',2012,1027),(5039,'Clarity (Deluxe)',2014,1027),(5040,'True Colors',2015,1027),(5041,'Believe',2012,1028),(5042,'Journals',2014,1028),(5043,'Purpose (Deluxe)',2015,1028),(5044,'Changes',2020,1028),(5045,'Outpost',2002,1026),(5046,'Wrecked',2017,1029),(5047,'Novo',2018,1031),(5048,'Sunset',2008,1034),(5049,'Dua Lipa',2018,1037),(5050,'Love Me / Love Me Not',2018,1038),(5051,'no song without you',2020,1038),(5052,'The Time Of Our Lives',2009,1040),(5053,'Cant Be Tamed',2010,1040),(5054,'Bangerz',2013,1040),(5055,'Stars Dance',2013,1041),(5056,'Revival',2015,1041),(5057,'Rare',2020,1041),(5058,'Smiles of a Summer Night (Sommarnattens leende)',2014,1042),(5059,'A Grain of Truth',2009,1046),(5060,'The Fame',2008,1044),(5061,'Joanne',2016,1044),(5062,'A Star Is Born Soundtrack',2018,1044),(5063,'Tribe, The (Plemya)',1999,1076),(5064,'Hollywood Shuffle',2005,1090),(5065,'Devinely Uninspired To A Hellish Extent',2019,1048),(5066,'THE ALBUM',2020,1047),(5067,'In The Lonely Hour',2014,1051),(5068,'The Thrill Of It All',2017,1051),(5069,'Love Goes',2020,1051),(5070,'Stoney',2016,1052),(5071,'beerbongs & bentleys',2018,1052),(5072,'WHEN WE ALL FALL ASLEEP, WHERE DO WE DO WE GO?',2019,1056),(5073,'Salute',2013,1058),(5074,'Amen',2018,1059),(5075,'The Sailor',2019,1059),(5076,'It Won\'t Be Soon Before Long',2007,1060),(5077,'Overexposed',2012,1060),(5078,'V',2015,1060),(5079,'Red Pill Blues',2018,1060),(5080,'Evolve',2017,1066),(5081,'Origins',2018,1066),(5082,'Handwritten',2015,1069),(5083,'Illuminate',2017,1069),(5084,'Shawn Mendes',2019,1069),(5085,'Camila',2018,1070),(5086,'Romance',2019,1070),(5087,'Agnes Is My Name',2011,1077),(5088,'X',2017,1077),(5089,'Raisa',2011,1081),(5090,'Heart To Heart',2013,1081),(5091,'Handmade',2016,1081),(5092,'Its Me BCL',2017,1082),(5093,'Yang Terbaik',2012,1087),(5094,'MOONCHILD',2020,1089),(5095,'Mantra Mantra',2018,1098),(5096,'Pilu Membiru Experience',2019,1098),(5097,'Menari Dengan Bayangan',2019,1072),(5098,'Walk The Talk',2018,1088),(5099,'A Head Full of Dreams',2015,1085),(5100,'Chaos And The Calm',2015,1083);
/*!40000 ALTER TABLE `album` ENABLE KEYS */;
UNLOCK TABLES;

--
-- Table structure for table `album_contains`
--

DROP TABLE IF EXISTS `album_contains`;
/*!40101 SET @saved_cs_client     = @@character_set_client */;
/*!40101 SET character_set_client = utf8 */;
CREATE TABLE `album_contains` (
  `Album_ID` int(11) NOT NULL,
  `Song_ID` int(11) NOT NULL,
  PRIMARY KEY (`Album_ID`,`Song_ID`),
  KEY `FK_AlbumContains_SongID` (`Song_ID`),
  CONSTRAINT `FK_AlbumContains_AlbumID` FOREIGN KEY (`Album_ID`) REFERENCES `album` (`Album_ID`) ON UPDATE CASCADE,
  CONSTRAINT `FK_AlbumContains_SongID` FOREIGN KEY (`Song_ID`) REFERENCES `song` (`Song_ID`) ON UPDATE CASCADE
) ENGINE=InnoDB DEFAULT CHARSET=latin1;
/*!40101 SET character_set_client = @saved_cs_client */;

--
-- Dumping data for table `album_contains`
--

LOCK TABLES `album_contains` WRITE;
/*!40000 ALTER TABLE `album_contains` DISABLE KEYS */;
INSERT INTO `album_contains` (`Album_ID`, `Song_ID`) VALUES (5000,3000),(5001,3004),(5001,3005),(5001,3006),(5001,3007),(5002,3001),(5002,3002),(5002,3003),(5003,3008),(5003,3009),(5003,3010),(5004,3017),(5004,3018),(5005,3019),(5005,3020),(5006,3021),(5006,3022),(5007,3023),(5007,3024),(5008,3032),(5009,3028),(5009,3029),(5010,3030),(5010,3031),(5011,3033),(5012,3036),(5012,3037),(5013,3038),(5013,3039),(5014,3040),(5014,3041),(5015,3042),(5015,3043),(5016,3044),(5017,3045),(5018,3046),(5019,3047),(5019,3048),(5019,3049),(5020,3050),(5021,3051),(5021,3052),(5022,3053),(5023,3055),(5024,3056),(5024,3057),(5024,3058),(5025,3059),(5025,3060),(5025,3061),(5026,3062),(5026,3063),(5027,3064),(5027,3065),(5028,3066),(5029,3067),(5030,3068),(5031,3069),(5032,3070),(5033,3071),(5034,3072),(5034,3073),(5035,3074),(5036,3075),(5037,3114),(5038,3076),(5039,3077),(5040,3078),(5040,3079),(5041,3080),(5042,3081),(5043,3082),(5043,3083),(5043,3084),(5044,3085),(5044,3086),(5045,3090),(5046,3087),(5047,3091),(5048,3092),(5049,3093),(5050,3094),(5050,3095),(5051,3096),(5052,3097),(5053,3098),(5054,3099),(5055,3100),(5056,3101),(5056,3102),(5057,3103),(5058,3104),(5059,3105),(5060,3107),(5061,3108),(5061,3109),(5062,3110),(5062,3111),(5063,3112),(5064,3113),(5065,3115),(5065,3116),(5066,3118),(5066,3119),(5067,3120),(5067,3121),(5067,3122),(5068,3123),(5069,3124),(5069,3125),(5070,3126),(5071,3127),(5072,3128),(5072,3129),(5072,3130),(5073,3133),(5074,3134),(5075,3135),(5076,3137),(5077,3138),(5077,3139),(5078,3140),(5078,3141),(5078,3142),(5079,3143),(5080,3144),(5080,3145),(5081,3146),(5082,3147),(5082,3149),(5082,3150),(5083,3148),(5084,3151),(5084,3152),(5084,3153),(5085,3154),(5085,3155),(5086,3156),(5087,3157),(5087,3158),(5088,3159),(5089,3160),(5089,3161),(5090,3162),(5090,3163),(5091,3164),(5091,3165),(5092,3166),(5093,3167),(5093,3168),(5094,3169),(5095,3171),(5095,3172),(5096,3173),(5097,3174),(5098,3175),(5098,3176),(5098,3177),(5098,3178),(5098,3179),(5098,3180),(5099,3183),(5099,3184),(5099,3185),(5099,3186),(5100,3187),(5100,3188),(5100,3189);
/*!40000 ALTER TABLE `album_contains` ENABLE KEYS */;
UNLOCK TABLES;

--
-- Table structure for table `artist`
--

DROP TABLE IF EXISTS `artist`;
/*!40101 SET @saved_cs_client     = @@character_set_client */;
/*!40101 SET character_set_client = utf8 */;
CREATE TABLE `artist` (
  `Artist_ID` int(11) NOT NULL,
  `Artist_Name` varchar(255) NOT NULL,
  `Year_Active` year(4) NOT NULL,
  `DateofRegister` date NOT NULL DEFAULT current_timestamp(),
  PRIMARY KEY (`Artist_ID`)
) ENGINE=InnoDB DEFAULT CHARSET=latin1;
/*!40101 SET character_set_client = @saved_cs_client */;

--
-- Dumping data for table `artist`
--

LOCK TABLES `artist` WRITE;
/*!40000 ALTER TABLE `artist` DISABLE KEYS */;
INSERT INTO `artist` (`Artist_ID`, `Artist_Name`, `Year_Active`, `DateofRegister`) VALUES (1000,'Angel Wene',2017,'2020-11-08'),(1001,'Ed Sheeran',2005,'2020-09-28'),(1002,'Ardhito Pramono',2017,'2020-11-08'),(1003,'The Chainsmokers',2009,'2017-01-13'),(1004,'One Direction',2008,'2018-04-09'),(1005,'Martin Garrix',1995,'2018-06-24'),(1006,'Lauv',2011,'2017-03-31'),(1007,'Niki Cleeve',1993,'2018-01-05'),(1008,'Jeremy Zucker',2014,'2019-12-18'),(1009,'Darnell Ewells',2005,'2018-12-09'),(1010,'Gran Phillput',1998,'2018-07-30'),(1011,'BTS',2012,'2018-11-14'),(1012,'Aron Kaaskooper',2008,'2018-10-19'),(1013,'Taylor Swift',2010,'2018-09-26'),(1014,'Sheila On 7',1997,'2020-05-25'),(1015,'Ariana Grande',2003,'2020-03-15'),(1016,'Adele',1990,'2020-08-04'),(1017,'Bruno Mars',2007,'2020-03-16'),(1018,'Dayle Stanlick',1999,'2018-05-18'),(1019,'benny blanco',2015,'2020-01-22'),(1020,'Maren Vice',1997,'2018-05-12'),(1021,'Cookie Attride',1991,'2018-03-10'),(1022,'Khalid',2013,'2020-01-19'),(1023,'Corene Barrable',2000,'2017-06-13'),(1024,'Halsey',2014,'2020-02-15'),(1025,'Levin Stanfield',1993,'2019-12-22'),(1026,'Tess Conkey',2000,'2019-08-16'),(1027,'Zedd',2010,'2020-08-04'),(1028,'Justin Bieber',2007,'2018-01-18'),(1029,'Aaren Pimme',2003,'2017-11-20'),(1030,'Eleonore Duce',2019,'2018-02-21'),(1031,'Nicol Merring',1995,'2017-08-17'),(1032,'Hailee Steinfeld',2016,'2019-04-12'),(1033,'Mitchel Pascoe',2004,'2016-11-15'),(1034,'Willy Enrique',2001,'2020-02-02'),(1035,'Timi O\'Noulane',1993,'2019-04-26'),(1036,'Nicky Henworth',1990,'2018-10-10'),(1037,'Dua Lipa',2014,'2018-08-14'),(1038,'HONNE',2015,'2020-04-23'),(1039,'Mollie Germain',2000,'2017-05-11'),(1040,'Miley Cyrus',2001,'2020-05-12'),(1041,'Selena Gomez',2003,'2017-05-10'),(1042,'Costa Cadwallader',2013,'2020-09-05'),(1043,'Ambur Morrill',2005,'2020-03-25'),(1044,'Lady Gaga',2003,'2019-07-31'),(1045,'Kalila Tift',2020,'2017-12-09'),(1046,'Gennifer Kaas',2009,'2019-12-11'),(1047,'BLACKPINK',2017,'2019-04-03'),(1048,'Lewis Capaldi',2012,'2019-08-11'),(1049,'Jeanine Eccleston',1993,'2020-06-03'),(1050,'Blaine MacGorley',1997,'2017-04-23'),(1051,'Sam Smith',2005,'2018-03-17'),(1052,'Post Malone',2010,'2017-07-03'),(1053,'Michaeline Greenhough',1991,'2017-01-07'),(1054,'Olin Peer',2008,'2019-04-15'),(1055,'Ilene Bergstrand',2010,'2020-07-10'),(1056,'Billie Eilish',2017,'2017-05-30'),(1057,'Mufi Baker',2018,'2020-10-03'),(1058,'Little Mix',2006,'2018-06-01'),(1059,'Rich Brian',2011,'2020-08-11'),(1060,'Maroon 5',2000,'2017-03-25'),(1061,'Fields Jedrzejczak',2014,'2018-02-03'),(1062,'Nicholas Lindenstrauss',2019,'2017-12-18'),(1063,'Sella Dumingos',1994,'2017-11-19'),(1064,'Tiertza Sandiland',2015,'2017-11-25'),(1065,'Saunderson Eynon',2012,'2020-07-23'),(1066,'Imagine Dragons',2007,'2019-09-21'),(1067,'Fran Dye',1992,'2018-01-08'),(1068,'Verine Sleit',1996,'2018-01-09'),(1069,'Shawn Mendes',2014,'2019-06-02'),(1070,'Camila Cabello',2017,'2018-06-15'),(1071,'Elfie McKennan',2003,'2017-08-17'),(1072,'Hindia',2010,'2018-02-24'),(1073,'Arlee Banck',2010,'2020-08-19'),(1074,'Clovis Martina',2000,'2020-08-23'),(1075,'Cthrine Lockery',1999,'2020-08-31'),(1076,'Del Hartigan',1999,'2020-05-22'),(1077,'Agnez Mo',2005,'2019-10-10'),(1078,'Gena Richter',2005,'2017-10-18'),(1079,'Flory Dinse',2002,'2019-04-13'),(1080,'Andris Yeomans',2020,'2020-06-23'),(1081,'Raisa',2015,'2018-04-10'),(1082,'Bunga Citra Lestari',2003,'2018-11-11'),(1083,'James Bay',2010,'2019-05-19'),(1084,'Lynnette Belfelt',2020,'2019-08-28'),(1085,'Coldplay',2007,'2020-01-24'),(1086,'Job Saggers',2017,'2020-01-07'),(1087,'Ari Lasso',1994,'2017-10-01'),(1088,'Pamungkas',2016,'2018-06-28'),(1089,'NIKI',2017,'2019-10-11'),(1090,'Riki Kleinfeld',2003,'2018-09-17'),(1091,'Edsel Zanassi',2018,'2018-07-13'),(1092,'Weird Genius',2017,'2018-02-06'),(1093,'Seward Ruppert',2005,'2019-12-26'),(1094,'Corabel Saynor',2015,'2020-10-01'),(1095,'Tyrus Marrow',2009,'2020-08-31'),(1096,'Olag Goncaves',2015,'2017-06-05'),(1097,'Agnese Beany',2006,'2018-08-30'),(1098,'Kunto Aji',2014,'2019-02-15'),(1099,'Bayard Pinxton',2019,'2017-07-05'),(1100,'Ray Gouth',2008,'2019-04-19');
/*!40000 ALTER TABLE `artist` ENABLE KEYS */;
UNLOCK TABLES;

--
-- Table structure for table `duo`
--

DROP TABLE IF EXISTS `duo`;
/*!40101 SET @saved_cs_client     = @@character_set_client */;
/*!40101 SET character_set_client = utf8 */;
CREATE TABLE `duo` (
  `Spotify_username` varchar(16) NOT NULL,
  `name_duo` varchar(255) NOT NULL,
  PRIMARY KEY (`Spotify_username`),
  CONSTRAINT `FK_spotify_username_duo` FOREIGN KEY (`Spotify_username`) REFERENCES `user_data` (`Spotify_username`)
) ENGINE=InnoDB DEFAULT CHARSET=latin1;
/*!40101 SET character_set_client = @saved_cs_client */;

--
-- Dumping data for table `duo`
--

LOCK TABLES `duo` WRITE;
/*!40000 ALTER TABLE `duo` DISABLE KEYS */;
INSERT INTO `duo` (`Spotify_username`, `name_duo`) VALUES ('abouch1y','Schneider-Murphy'),('acutforth1k','Kuphal Group'),('ahaddinton20','Pollich-Kreiger'),('alumsdall2o','Sauer, Jenkins and Reinger'),('amullenr','Hansen LLC'),('amundford2p','Upton-Larkin'),('aodowne2d','Donnelly Inc'),('arolls19','Thompson-Sawayn'),('asettle1q','Brekke Inc'),('aspadeck2b','Jerde-Larson'),('awhitrod1l','Mitchell, Boehm and Champlin'),('bbeaman2e','Padberg Group'),('bcopins2j','Bahringer, Glover and Christiansen'),('bdrews1w','Kertzmann-Welch'),('bemanulsson1t','Rohan LLC'),('bhalahan14','Walsh-Sauer'),('bjailler11','Emmerich-Dietrich'),('bmardall0','Toy, Lowe and McCullough'),('bmazella1g','Abshire-Johnson'),('bnoyce1u','Klein-Fahey'),('bparlatt8','Monahan and Sons'),('bwoodhallc','Bahringer-Schmidt'),('bzavattero2k','Schiller Group'),('cfrosdickg','Upton Group'),('cgrogor23','O\'Kon-Hammes'),('chakeworthy','Mohr, Eichmann and Reichel'),('cklulisek2l','Jacobson, Kutch and Hammes'),('cpedgrift2m','Bergnaum, Lang and Kshlerin'),('cpugh12','Durgan-Pagac'),('ctimny17','Gusikowski, Ledner and Borer'),('cwallentin1m','Heller-Williamson'),('dcaen29','White Inc'),('ddake13','Franecki, Dare and Wolf'),('ddiviney15','Huel, Fritsch and Luettgen'),('dgierkeb','Walter Group'),('dhastewell21','Corkery LLC'),('dnarup1f','Mohr Group'),('dtimletts','Heller-Pagac'),('eblincko1v','Carter-Ratke'),('echateletp','Kuvalis-Skiles'),('egawthorped','Moen-Kuvalis'),('eluke2c','Wilderman, Kuhic and Windler'),('eschoffler18','Wilderman-Botsford'),('ezoucho','Lynch-Tromp'),('fclerk1o','Marks LLC'),('fernaldi21','Star Squad'),('fmebiusv','Stanton LLC'),('fsimonson9','Rippin, Schultz and Beatty'),('gfriesz','Nitzsche LLC'),('ghudspithj','Schuster Group'),('glonginan','Block-Bernier'),('gpattingtonh','Kris, Stoltenberg and McClure'),('gpienk','Legros Group'),('gtrahmel1b','Ward, Fahey and Towne'),('hhubber24','Kiehn-Jones'),('iarundale1s','Barton and Sons'),('ieallisx','Bahringer-Mueller'),('jbaldcock1z','Pouros-Keebler'),('jkite10','Johnson Inc'),('jpoynterq','Leuschke-Bradtke'),('jswansbury2a','Wisoky Group'),('kclemsonf','Hermann and Sons'),('kding1p','Torphy-Terry'),('kmcgloughlin1','Emard LLC'),('ktassell2h','Jaskolski, Bins and Tillman'),('lbrunia','Roberts, Auer and Mante'),('lharp2n','Kshlerin, Emmerich and Denesik'),('lovene','Mills, Lind and Marvin'),('lwiseman1a','Schuppe, Runolfsson and Lesch'),('measterfield28','Murphy-Wisoky'),('mgodspede26','Stiedemann, Schultz and Ullrich'),('mhandsheart7','Runte-Kozey'),('mhurrant','Reinger, Roob and Stokes'),('mkoppell','Mante, Fritsch and Donnelly'),('mmartschke27','McLaughlin and Sons'),('mriall1h','Hickle, Konopelski and Lynch'),('msilber16','Kuphal-Runolfsson'),('mtrowler1j','Windler Group'),('mvillaret2r','Powlowski-Hagenes'),('odudbridge2','Koch Inc'),('oloudianm','Barrows-Ratke'),('palster1e','Kemmer-Cruickshank'),('pbarg1n','Gerhold and Sons'),('phumblestone1r','Kuvalis, Adams and Wolf'),('phyndley2f','Keebler and Sons'),('pjeandon1c','Mitchell, Rath and Corkery'),('pwashbrooku','Schamberger LLC'),('rfarrington5','Bruen, Block and Murphy'),('rgoncaves3','Bradtke Group'),('rstorer22','Kirlin, Collier and Daugherty'),('sbrunner1x','Kub-Pfeffer'),('sdufore2q','Howell LLC'),('sgovieri','Williamson-Gleason'),('smcjerrow1d','Feil-Raynor'),('sriglesford6','Rutherford-Turcotte'),('sscripturew','Klein Inc'),('sshelborne2g','Rau LLC'),('ssomerscales25','Goldner, Thompson and Maggio'),('tloffill2i','Feest LLC'),('tmarrows1i','Boehm, Bogisich and Schmidt'),('vakker4','MacGyver Inc');
/*!40000 ALTER TABLE `duo` ENABLE KEYS */;
UNLOCK TABLES;

--
-- Table structure for table `family`
--

DROP TABLE IF EXISTS `family`;
/*!40101 SET @saved_cs_client     = @@character_set_client */;
/*!40101 SET character_set_client = utf8 */;
CREATE TABLE `family` (
  `Spotify_username` varchar(16) NOT NULL,
  `address_family` int(11) NOT NULL,
  `city_family` varchar(255) NOT NULL,
  `country_family` varchar(255) NOT NULL,
  `name_family` varchar(255) NOT NULL,
  `state_family` varchar(255) NOT NULL,
  `street_family` varchar(255) NOT NULL,
  `postal_family` int(11) NOT NULL,
  PRIMARY KEY (`Spotify_username`),
  CONSTRAINT `FK_spotify_username_family` FOREIGN KEY (`Spotify_username`) REFERENCES `user_data` (`Spotify_username`)
) ENGINE=InnoDB DEFAULT CHARSET=latin1;
/*!40101 SET character_set_client = @saved_cs_client */;

--
-- Dumping data for table `family`
--

LOCK TABLES `family` WRITE;
/*!40000 ALTER TABLE `family` DISABLE KEYS */;
INSERT INTO `family` (`Spotify_username`, `address_family`, `city_family`, `country_family`, `name_family`, `state_family`, `street_family`, `postal_family`) VALUES ('abanat48',384,'Virginia Beach','United States','Cayman','Virginia','Summit',23464),('abrake35',3041,'Kalamazoo','United States','Esprit','Michigan','Hoepker',49006),('adicker30',9,'Clearwater','United States','Aveo','Florida','Loeprich',34620),('agot4l',437,'Great Neck','United States','Eurovan','New York','Portage',11024),('ajuza2s',2,'Austin','United States','Monte Carlo','Texas','Mcbride',78764),('akenforth39',50471,'Loretto','United States','Sonoma Club Coupe','Minnesota','Fairview',55598),('aloveland44',748,'Anchorage','United States','Elantra','Alaska','Swallow',99599),('apirdy3g',74347,'Washington','United States','MX-5','District of Columbia','Bartillon',20414),('bferreiro3h',42,'Muncie','United States','ES','Indiana','Summer Ridge',47306),('bhulmes43',87,'Lubbock','United States','G25','Texas','Pierstorff',79452),('bmepham34',8,'Fort Worth','United States','626','Texas','Mccormick',76178),('bseakings3o',761,'Pensacola','United States','Leganza','Florida','Ridgeview',32590),('btout54',5,'Sacramento','United States','S2000','California','Kensington',95894),('ccollocott57',95271,'Dallas','United States','LTD Crown Victoria','Texas','Bowman',75372),('cglowacki3i',7,'Brockton','United States','Rodeo','Massachusetts','Oriole',2305),('civic45',33122,'Houston','United States','Prelude','Texas','Jenna',77228),('cmartinson4w',7,'Rochester','United States','XLR','New York','Donald',14639),('cnugent42',84,'Syracuse','United States','Sprinter 2500','New York','Park Meadow',13210),('cpedreschi4o',0,'Jamaica','United States','GTO','New York','Eliot',11470),('cphippen3q',83,'Champaign','United States','Galant','Illinois','Pierstorff',61825),('creinisch3n',6,'Omaha','United States','X-Type','Nebraska','Lakewood',68197),('crush5e',48374,'Charlotte','United States','STS','North Carolina','Center',28235),('cstanney3z',3323,'Chicago','United States','H2','Illinois','Rigney',60646),('dgilbey55',204,'Dayton','United States','Cherokee','Ohio','Katie',45419),('dimas30',32,'Bandung','Indonesia','Sadim','Jawa Barat','Cisitu',123456),('dmcgray2x',3,'Vero Beach','United States','Sidekick','Florida','Bunker Hill',32964),('dmcleary4i',628,'New York City','United States','Sebring','New York','High Crossing',10160),('ebucknell4m',795,'Winter Haven','United States','2500','Florida','La Follette',33884),('esims58',789,'Pasadena','United States','Civic','California','Harbort',91131),('fdillingstone3y',4,'Minneapolis','United States','SC','Minnesota','Melody',55436),('fmartinson4p',7,'Trenton','United States','Tahoe','New Jersey','Loftsgordon',8608),('fpeirpoint4a',14294,'Tampa','United States','Matrix','Florida','Leroy',33620),('ftilbury4t',67772,'Jefferson City','United States','Diamante','Missouri','North',65105),('fweems3w',1,'Pompano Beach','United States','Prius','Florida','Canary',33069),('gdenecamp3a',82092,'Miami','United States','M3','Florida','Montana',33164),('gdumphries59',695,'Hollywood','United States','3 Series','Florida','Montana',33028),('ghallgate3b',43855,'Las Vegas','United States','Elantra','Nevada','Bashford',89178),('gkeyson32',827,'Sacramento','United States','Escort','California','Dunning',95833),('gspiers3v',4,'Saint Louis','United States','G35','Missouri','Butterfield',63110),('hcostell31',45,'Wichita','United States','Ram 1500 Club','Kansas','Rigney',67236),('hpavlenko49',5,'Shreveport','United States','Express 1500','Louisiana','Gulseth',71151),('hrothert3u',18,'Tacoma','United States','Aerostar','Washington','Monica',98464),('htedorenko5c',72,'Toledo','United States','Sonoma','Ohio','Dapin',43615),('ifosdike3m',75,'San Jose','United States','E-Class','California','Declaration',95194),('imcpheat4d',96590,'Boise','United States','Sierra 1500','Idaho','Springs',83716),('jeddowes3x',7,'Chicago','United States','Malibu','Illinois','Ridgeway',60657),('jferie33',1,'Orlando','United States','Z4','Florida','Beilfuss',32803),('jshemelt47',260,'Washington','United States','Caprice Classic','District of Columbia','Northridge',20414),('kbelsey3d',791,'Silver Spring','United States','Sunbird','Maryland','Del Mar',20904),('kgerdes4c',855,'Wilmington','United States','SRX','Delaware','Kings',19805),('kseston4j',3,'Arlington','United States','Taurus X','Virginia','Melvin',22212),('kshallcrass5i',91164,'New York City','United States','Bonneville','New York','Manufacturers',10045),('ktow5d',3614,'Saint Paul','United States','400E','Minnesota','Pennsylvania',55108),('kyushankin3f',74012,'Amarillo','United States','Lumina','Texas','Mcguire',79182),('lbrimham3k',1,'Seattle','United States','Avalanche','Washington','Fordem',98127),('lcanavan4k',4,'Saint Joseph','United States','Mountaineer','Missouri','Rockefeller',64504),('lcollacombe4g',8,'Tucson','United States','S2000','Arizona','Dixon',85720),('lnaden53',4451,'Miami','United States','Park Avenue','Florida','Mendota',33169),('lpadula36',97558,'Newport News','United States','Starion','Virginia','Macpherson',23612),('lphythean4h',5,'Dallas','United States','Legacy','Texas','Talmadge',75231),('lratcliffe3j',807,'Denver','United States','Legacy','Colorado','Arrowood',80241),('lsillito4q',32512,'Van Nuys','United States','Ram 1500','California','Cambridge',91499),('mcathenod4s',72,'Boca Raton','United States','Aztek','Florida','Magdeline',33499),('mcraig3p',6793,'Sacramento','United States','Celica','California','Schiller',95818),('melwyn5h',42,'Beaufort','United States','Savana 2500','South Carolina','Stuart',29905),('mkiely4v',34464,'Shawnee Mission','United States','Malibu','Kansas','Hoard',66220),('mkindell5j',7,'Baltimore','United States','Model T','Maryland','Dovetail',21281),('mmunslow4e',53,'Vienna','United States','Sentra','Virginia','Main',22184),('mshirlaw2t',6,'Watertown','United States','Civic','Massachusetts','Prairieview',2472),('mtomczykiewicz2y',7,'Fayetteville','United States','G','North Carolina','Judy',28305),('mwaywell4x',78,'Boston','United States','Cutlass Supreme','Massachusetts','Hagan',2283),('nforbear5a',4,'Buffalo','United States','HHR Panel','New York','Reindahl',14276),('nkull3r',56717,'Madison','United States','Rio','Wisconsin','Golf Course',53716),('nlenard37',3,'Seminole','United States','F250','Florida','Rusk',34642),('oskures5b',613,'Bradenton','United States','S-Class','Florida','Havey',34282),('phousin52',868,'New York City','United States','H1','New York','Summerview',10099),('prookesby5g',5,'Jacksonville','United States','Corvette','Florida','Debra',32259),('pstitwell4f',42,'Flushing','United States','Legacy','New York','Lotheville',11388),('psturton5f',81,'Oxnard','United States','Cooper','California','Del Sol',93034),('pyakovich50',5,'Spokane','United States','2500','Washington','4th',99252),('rallibon3t',14721,'Corpus Christi','United States','Corvette','Texas','Steensland',78475),('rdelves46',570,'Columbia','United States','Viper','South Carolina','Mesta',29203),('rdjorvic3e',14,'Fort Worth','United States','B2600','Texas','Dryden',76115),('rhallen4b',80438,'Silver Spring','United States','Routan','Maryland','Luster',20910),('rpoznanski4u',54644,'El Paso','United States','Marquis','Texas','Hanover',79905),('sbexon4y',6734,'Daytona Beach','United States','G5','Florida','Marquette',32128),('scajkler56',2871,'Winston Salem','United States','Storm','North Carolina','Darwin',27105),('shurran4z',6067,'Flint','United States','300C','Michigan','Warner',48550),('silyenko2u',3,'Anchorage','United States','Sentra','Alaska','Mccormick',99599),('syurinov3s',3561,'Pasadena','United States','Mark LT','California','Carey',91103),('tcollocott3l',5,'Trenton','United States','Tacoma','New Jersey','Anderson',8638),('tgullefant4r',335,'Little Rock','United States','Avalon','Arkansas','Armistice',72231),('tpichmann41',9649,'Tucson','United States','Tacoma','Arizona','Roxbury',85710),('tsteggals2w',731,'Chicago','United States','Defender','Illinois','Larry',60663),('vcassey2z',7,'Philadelphia','United States','Grand Prix','Pennsylvania','Macpherson',19151),('vgamwell2v',37,'Austin','United States','LeSabre','Texas','Cascade',78721),('vhansie51',7,'Albany','United States','Concorde','New York','Thackeray',12222),('vprovis38',87932,'Milwaukee','United States','Taurus','Wisconsin','Hanson',53263),('vsanders3c',84630,'Memphis','United States','MPV','Tennessee','Eagle Crest',38161),('zleyrroyd4n',52082,'Abilene','United States','B-Series','Texas','Brickson Park',79605),('zridgwell40',42273,'Fort Lauderdale','United States','Dakota','Florida','Reindahl',33305);
/*!40000 ALTER TABLE `family` ENABLE KEYS */;
UNLOCK TABLES;

--
-- Table structure for table `follow_artist`
--

DROP TABLE IF EXISTS `follow_artist`;
/*!40101 SET @saved_cs_client     = @@character_set_client */;
/*!40101 SET character_set_client = utf8 */;
CREATE TABLE `follow_artist` (
  `Spotify_username` varchar(16) NOT NULL,
  `Artist_ID` int(11) NOT NULL,
  PRIMARY KEY (`Spotify_username`,`Artist_ID`),
  KEY `FK_artist_follow_artist` (`Artist_ID`),
  CONSTRAINT `FK_artist_follow_artist` FOREIGN KEY (`Artist_ID`) REFERENCES `artist` (`Artist_ID`) ON UPDATE CASCADE,
  CONSTRAINT `FK_user_data_follow_artist` FOREIGN KEY (`Spotify_username`) REFERENCES `user_data` (`Spotify_username`) ON UPDATE CASCADE
) ENGINE=InnoDB DEFAULT CHARSET=latin1;
/*!40101 SET character_set_client = @saved_cs_client */;

--
-- Dumping data for table `follow_artist`
--

LOCK TABLES `follow_artist` WRITE;
/*!40000 ALTER TABLE `follow_artist` DISABLE KEYS */;
INSERT INTO `follow_artist` (`Spotify_username`, `Artist_ID`) VALUES ('abaglan6e',1071),('abanat48',1066),('ablood6m',1036),('abouch1y',1089),('abrake35',1029),('abroseke7t',1041),('acutforth1k',1019),('adicker30',1073),('aerrington82',1040),('aflasby5t',1009),('agaiger6f',1081),('agoodsell6z',1016),('agot4l',1013),('ahaddinton20',1043),('ajuza2s',1021),('akenforth39',1078),('aloblie8r',1006),('aloveland44',1042),('alumsdall2o',1007),('amacparlan7q',1011),('amullenr',1009),('amundford2p',1016),('aodowne2d',1099),('aparkman6q',1098),('apirdy3g',1098),('arolls19',1028),('asettle1q',1097),('aspadeck2b',1093),('avalerio63',1092),('awhitrod1l',1074),('awickliffe6y',1056),('awilbraham7u',1070),('bbeaman2e',1033),('bcopins2j',1028),('bdrews1w',1089),('bemanulsson1t',1076),('bferreiro3h',1072),('bhalahan14',1081),('bhamshaw7w',1040),('bhulmes43',1044),('bjailler11',1078),('bklimczak6v',1022),('bmardall0',1027),('bmazella1g',1088),('bmepham34',1068),('bmoodie7l',1068),('bnoyce1u',1032),('bparlatt8',1042),('bseakings3o',1069),('btout54',1086),('bwoodhallc',1092),('bzavattero2k',1057),('candreini83',1009),('ccollocott57',1056),('cdandy6g',1086),('cfabler7v',1002),('cferretti7d',1039),('cfrosdickg',1017),('cglowacki3i',1052),('cgrogor23',1028),('chakeworthy',1021),('civic45',1052),('cklulisek2l',1034),('cmarriott7j',1037),('cmartinson4w',1045),('cnugent42',1063),('cpedgrift2m',1096),('cpedreschi4o',1071),('cphippen3q',1067),('cpugh12',1078),('cradborne8g',1007),('creaney8a',1083),('creinisch3n',1080),('croskeilly7p',1003),('crush5e',1019),('cselby5r',1022),('cstanney3z',1013),('ctimny17',1078),('cwallentin1m',1087),('cwyson62',1060),('dalway85',1022),('dbrazener86',1006),('dcaen29',1031),('dcrissil5l',1045),('ddake13',1066),('ddiviney15',1010),('dfleg7z',1038),('dgierkeb',1086),('dgilbey55',1010),('dgoodlake7c',1088),('dhappert6d',1065),('dhastewell21',1089),('dlissett8e',1040),('dmaskelyne72',1020),('dmcgray2x',1009),('dmcleary4i',1038),('dnarup1f',1033),('dtimletts',1017),('dvedstra8w',1057),('dyarker80',1001),('eblincko1v',1064),('ebucknell4m',1002),('echateletp',1037),('eewell7a',1086),('egawthorped',1066),('ekittles76',1064),('eluke2c',1049),('eschoffler18',1075),('eselliman6o',1062),('esims58',1038),('esleaford7n',1097),('etremberth5p',1060),('ezoucho',1023),('fclerk1o',1068),('fcoules6s',1047),('fdillingstone3y',1015),('fernaldi21',1022),('fmartinson4p',1087),('fmathouse78',1038),('fmebiusv',1063),('fpeirpoint4a',1054),('fsimonson9',1087),('ftilbury4t',1041),('fweems3w',1015),('gdenecamp3a',1078),('gdumphries59',1044),('gfriesz',1025),('ghallgate3b',1013),('ghanwell6n',1096),('ghudspithj',1023),('gkeyson32',1045),('gkwietek7o',1068),('glearie75',1084),('glonginan',1031),('gmandifield70',1086),('gmeasor60',1093),('gminihan8y',1044),('gpattingtonh',1066),('gpienk',1047),('gsharp8t',1042),('gspiers3v',1095),('gtrahmel1b',1032),('hacutt5s',1009),('hbattie8m',1030),('hcostell31',1082),('hhubber24',1051),('hmabe8f',1074),('hpavlenko49',1057),('hrothert3u',1077),('hsheddan7m',1057),('htedorenko5c',1087),('iarundale1s',1071),('ieallisx',1006),('ifosdike3m',1003),('imcpheat4d',1066),('imechan7h',1055),('itant6b',1037),('jantuoni8d',1027),('jbaldcock1z',1083),('jbax74',1056),('jcuff8x',1043),('jeddowes3x',1096),('jferie33',1001),('jgracey69',1013),('jkite10',1045),('jkleinstern65',1030),('jlombardo73',1036),('jpendall5q',1003),('jpoynterq',1047),('jrayer8s',1042),('jshemelt47',1099),('jsilcock8i',1090),('jswansbury2a',1075),('jtitchen77',1046),('kbelsey3d',1036),('kbuyers79',1061),('kcaldes64',1082),('kclemsonf',1085),('kcurnok5v',1004),('kding1p',1051),('kgerdes4c',1095),('kghidelli5k',1049),('kharrington6k',1088),('khulme6h',1100),('kmcgloughlin1',1053),('kneward5z',1055),('konraet88',1078),('kseston4j',1052),('kshallcrass5i',1094),('ktargetter6t',1064),('ktassell2h',1019),('ktow5d',1097),('kyushankin3f',1007),('lbrimham3k',1098),('lbrunia',1034),('lcanavan4k',1024),('lcavnor8v',1018),('lcollacombe4g',1058),('lcullnean6j',1030),('lfashion87',1046),('lharp2n',1037),('lhearty6w',1037),('llamswood6p',1094),('lnaden53',1004),('lovene',1092),('lpadula36',1077),('lphythean4h',1006),('lratcliffe3j',1073),('lriccione6u',1029),('lsillito4q',1033),('lwiseman1a',1012),('mcathenod4s',1063),('mcollopy71',1002),('mcraig3p',1054),('mdougharty5w',1068),('mdusting5u',1003),('measterfield28',1049),('melwyn5h',1039),('mgodspede26',1060),('mhallor67',1083),('mhandsheart7',1062),('mhurrant',1040),('mkiely4v',1076),('mkindell5j',1000),('mkoppell',1029),('mleere8j',1082),('mmacmorland6a',1016),('mmartschke27',1067),('mmunslow4e',1065),('mriall1h',1004),('mshirlaw2t',1090),('msilber16',1041),('msweeny8l',1017),('mtomczykiewicz2y',1018),('mtrowler1j',1071),('mtunsley7y',1009),('mvillaret2r',1030),('mwayman5m',1002),('mwaywell4x',1007),('nforbear5a',1061),('ngergely6i',1041),('nhorney6l',1047),('nkull3r',1058),('nlenard37',1017),('odudbridge2',1043),('oloudianm',1026),('oskures5b',1027),('palster1e',1029),('pbarg1n',1014),('pbrastead8q',1077),('pdecruse6x',1083),('pdugmore8p',1011),('pdumigan8h',1038),('phousin52',1072),('phumblestone1r',1098),('phyndley2f',1041),('pjeandon1c',1003),('preeds7e',1059),('prookesby5g',1083),('pstitwell4f',1082),('psturton5f',1034),('pwashbrooku',1031),('pyakovich50',1021),('rallibon3t',1095),('rbernardo68',1040),('rdelves46',1038),('rdeniset81',1036),('rdjorvic3e',1048),('rfarncombe7g',1099),('rfarrington5',1048),('rgallant8u',1019),('rgoncaves3',1015),('rhallen4b',1055),('rhasell8k',1063),('rhixson66',1006),('rkeys7r',1029),('rpinilla8b',1052),('rpoznanski4u',1030),('rrickets7f',1099),('rsheards8c',1096),('rstorer22',1073),('rtomei7i',1063),('sbexon4y',1088),('sbithany7b',1096),('sbrunner1x',1091),('scajkler56',1083),('scarnegie89',1008),('sdufore2q',1051),('sgovieri',1084),('shurran4z',1007),('silyenko2u',1031),('skibbe7k',1059),('slabitt5n',1073),('smcjerrow1d',1052),('sriglesford6',1034),('sscripturew',1030),('sshelborne2g',1084),('ssomerscales25',1038),('swhipp6c',1056),('syurinov3s',1080),('tborghese8o',1080),('tcollocott3l',1006),('teisak5x',1089),('tgullefant4r',1033),('tloffill2i',1020),('tmarrows1i',1038),('toshesnan5o',1099),('tpichmann41',1006),('tsteggals2w',1070),('ttockell6r',1005),('vakker4',1045),('vbrahams7x',1002),('vcassey2z',1043),('vgamwell2v',1086),('vhansie51',1084),('vkleine7s',1065),('vprovis38',1088),('vrudman84',1083),('vsanders3c',1053),('wmerryfield8n',1010),('wohenery61',1100),('zleyrroyd4n',1000),('zridgwell40',1086);
/*!40000 ALTER TABLE `follow_artist` ENABLE KEYS */;
UNLOCK TABLES;

--
-- Table structure for table `follow_user`
--

DROP TABLE IF EXISTS `follow_user`;
/*!40101 SET @saved_cs_client     = @@character_set_client */;
/*!40101 SET character_set_client = utf8 */;
CREATE TABLE `follow_user` (
  `Spotify_username_follow` varchar(16) NOT NULL,
  `Spotify_username_followed` varchar(16) NOT NULL,
  PRIMARY KEY (`Spotify_username_follow`,`Spotify_username_followed`),
  KEY `FK_user_data_follow_user_followed` (`Spotify_username_followed`),
  CONSTRAINT `FK_user_data_follow_user_follow` FOREIGN KEY (`Spotify_username_follow`) REFERENCES `user_data` (`Spotify_username`) ON UPDATE CASCADE,
  CONSTRAINT `FK_user_data_follow_user_followed` FOREIGN KEY (`Spotify_username_followed`) REFERENCES `user_data` (`Spotify_username`) ON UPDATE CASCADE
) ENGINE=InnoDB DEFAULT CHARSET=latin1;
/*!40101 SET character_set_client = @saved_cs_client */;

--
-- Dumping data for table `follow_user`
--

LOCK TABLES `follow_user` WRITE;
/*!40000 ALTER TABLE `follow_user` DISABLE KEYS */;
INSERT INTO `follow_user` (`Spotify_username_follow`, `Spotify_username_followed`) VALUES ('abaglan6e','bparlatt8'),('abanat48','ghallgate3b'),('ablood6m','ssomerscales25'),('abouch1y','bjailler11'),('abrake35','abrake35'),('abroseke7t','aparkman6q'),('acutforth1k','cgrogor23'),('adicker30','ddake13'),('aerrington82','pstitwell4f'),('aflasby5t','rallibon3t'),('agaiger6f','lnaden53'),('agoodsell6z','awickliffe6y'),('agot4l','gkeyson32'),('ahaddinton20','bhalahan14'),('ajuza2s','echateletp'),('akenforth39','mvillaret2r'),('aloblie8r','gspiers3v'),('aloveland44','bzavattero2k'),('alumsdall2o','jswansbury2a'),('amacparlan7q','agot4l'),('amullenr','cpedgrift2m'),('amundford2p','vprovis38'),('aodowne2d','abrake35'),('aparkman6q','mdougharty5w'),('apirdy3g','hrothert3u'),('arolls19','mgodspede26'),('asettle1q','lovene'),('aspadeck2b','nlenard37'),('avalerio63','cpedgrift2m'),('awhitrod1l','echateletp'),('awickliffe6y','rfarncombe7g'),('awilbraham7u','kseston4j'),('bbeaman2e','bmoodie7l'),('bcopins2j','oskures5b'),('bdrews1w','gdumphries59'),('bemanulsson1t','gdumphries59'),('bferreiro3h','civic45'),('bhalahan14','esims58'),('bhamshaw7w','rdjorvic3e'),('bhulmes43','dgoodlake7c'),('bjailler11','aloveland44'),('bklimczak6v','oloudianm'),('bmardall0','mkoppell'),('bmazella1g','fpeirpoint4a'),('bmepham34','ifosdike3m'),('bmoodie7l','sscripturew'),('bnoyce1u','abaglan6e'),('bparlatt8','swhipp6c'),('bseakings3o','mtomczykiewicz2y'),('btout54','gsharp8t'),('bwoodhallc','toshesnan5o'),('bzavattero2k','jsilcock8i'),('candreini83','fcoules6s'),('ccollocott57','abouch1y'),('cdandy6g','rgallant8u'),('cfabler7v','rrickets7f'),('cferretti7d','htedorenko5c'),('cfrosdickg','dlissett8e'),('cglowacki3i','ktargetter6t'),('cgrogor23','eschoffler18'),('chakeworthy','imcpheat4d'),('civic45','bklimczak6v'),('cklulisek2l','cgrogor23'),('cmarriott7j','msilber16'),('cmartinson4w','bmepham34'),('cnugent42','cradborne8g'),('cpedgrift2m','lphythean4h'),('cpedreschi4o','cmartinson4w'),('cphippen3q','bcopins2j'),('cpugh12','rpoznanski4u'),('cradborne8g','tpichmann41'),('creaney8a','vsanders3c'),('creinisch3n','lovene'),('croskeilly7p','sshelborne2g'),('crush5e','fernaldi21'),('cselby5r','cwyson62'),('cstanney3z','mmartschke27'),('ctimny17','nkull3r'),('cwallentin1m','gspiers3v'),('cwyson62','lpadula36'),('dalway85','bhulmes43'),('dbrazener86','esleaford7n'),('dcaen29','hbattie8m'),('dcrissil5l','skibbe7k'),('ddake13','bmardall0'),('ddiviney15','ccollocott57'),('dfleg7z','awickliffe6y'),('dgierkeb','kclemsonf'),('dgilbey55','mleere8j'),('dgoodlake7c','tborghese8o'),('dhappert6d','zridgwell40'),('dhastewell21','lsillito4q'),('dlissett8e','psturton5f'),('dmaskelyne72','tpichmann41'),('dmcgray2x','mmacmorland6a'),('dmcleary4i','crush5e'),('dnarup1f','vkleine7s'),('dtimletts','rbernardo68'),('dvedstra8w','mgodspede26'),('dyarker80','lnaden53'),('eblincko1v','ieallisx'),('ebucknell4m','agot4l'),('echateletp','llamswood6p'),('eewell7a','rbernardo68'),('egawthorped','bcopins2j'),('ekittles76','lbrunia'),('eluke2c','rallibon3t'),('eschoffler18','sgovieri'),('eselliman6o','tborghese8o'),('esims58','jferie33'),('esleaford7n','phousin52'),('etremberth5p','dtimletts'),('ezoucho','bseakings3o'),('fclerk1o','bzavattero2k'),('fcoules6s','msweeny8l'),('fdillingstone3y','jferie33'),('fernaldi21','amacparlan7q'),('fmartinson4p','mhurrant'),('fmathouse78','dbrazener86'),('fmebiusv','msweeny8l'),('fpeirpoint4a','sbrunner1x'),('fsimonson9','mhandsheart7'),('ftilbury4t','avalerio63'),('fweems3w','sbithany7b'),('gdenecamp3a','gkeyson32'),('gdumphries59','mmunslow4e'),('gfriesz','fcoules6s'),('ghallgate3b','lphythean4h'),('ghanwell6n','dmcgray2x'),('ghudspithj','dmcgray2x'),('gkeyson32','kshallcrass5i'),('gkwietek7o','etremberth5p'),('glearie75','fweems3w'),('glonginan','arolls19'),('gmandifield70','gpattingtonh'),('gmeasor60','nlenard37'),('gminihan8y','sshelborne2g'),('gpattingtonh','lpadula36'),('gpienk','kcurnok5v'),('gsharp8t','rpoznanski4u'),('gspiers3v','fernaldi21'),('gtrahmel1b','pyakovich50'),('hacutt5s','lfashion87'),('hbattie8m','konraet88'),('hcostell31','lhearty6w'),('hhubber24','ghudspithj'),('hmabe8f','pjeandon1c'),('hpavlenko49','lcavnor8v'),('hrothert3u','syurinov3s'),('hsheddan7m','hpavlenko49'),('htedorenko5c','pdugmore8p'),('iarundale1s','jgracey69'),('ieallisx','akenforth39'),('ifosdike3m','lfashion87'),('imcpheat4d','bzavattero2k'),('imechan7h','cgrogor23'),('itant6b','aloblie8r'),('jantuoni8d','esleaford7n'),('jbaldcock1z','aspadeck2b'),('jbax74','shurran4z'),('jcuff8x','dfleg7z'),('jeddowes3x','ngergely6i'),('jferie33','gsharp8t'),('jgracey69','measterfield28'),('jkite10','creaney8a'),('jkleinstern65','swhipp6c'),('jlombardo73','ktassell2h'),('jpendall5q','mhandsheart7'),('jpoynterq','rhixson66'),('jrayer8s','phyndley2f'),('jshemelt47','ghallgate3b'),('jsilcock8i','aspadeck2b'),('jswansbury2a','cradborne8g'),('jtitchen77','jswansbury2a'),('kbelsey3d','rhixson66'),('kbuyers79','fweems3w'),('kcaldes64','alumsdall2o'),('kclemsonf','bcopins2j'),('kcurnok5v','candreini83'),('kding1p','mshirlaw2t'),('kgerdes4c','lcanavan4k'),('kghidelli5k','lhearty6w'),('kharrington6k','bwoodhallc'),('khulme6h','bferreiro3h'),('kmcgloughlin1','cwallentin1m'),('kneward5z','kshallcrass5i'),('konraet88','jbaldcock1z'),('kseston4j','amundford2p'),('kshallcrass5i','gmeasor60'),('ktargetter6t','rallibon3t'),('ktassell2h','ftilbury4t'),('ktow5d','sbithany7b'),('kyushankin3f','rhasell8k'),('lbrimham3k','skibbe7k'),('lbrunia','cglowacki3i'),('lcanavan4k','vsanders3c'),('lcavnor8v','cklulisek2l'),('lcollacombe4g','mdusting5u'),('lcullnean6j','rsheards8c'),('lfashion87','bhulmes43'),('lharp2n','gtrahmel1b'),('lhearty6w','vhansie51'),('llamswood6p','tsteggals2w'),('lnaden53','dgoodlake7c'),('lovene','ttockell6r'),('lpadula36','sbexon4y'),('lphythean4h','mshirlaw2t'),('lratcliffe3j','cmarriott7j'),('lriccione6u','lcollacombe4g'),('lsillito4q','rhasell8k'),('lwiseman1a','mshirlaw2t'),('mcathenod4s','kmcgloughlin1'),('mcollopy71','vsanders3c'),('mcraig3p','jcuff8x'),('mdougharty5w','lcollacombe4g'),('mdusting5u','lsillito4q'),('measterfield28','bhulmes43'),('melwyn5h','aerrington82'),('mgodspede26','akenforth39'),('mhallor67','bjailler11'),('mhandsheart7','ddiviney15'),('mhurrant','mkindell5j'),('mkiely4v','measterfield28'),('mkindell5j','hsheddan7m'),('mkoppell','cgrogor23'),('mleere8j','bemanulsson1t'),('mmacmorland6a','bwoodhallc'),('mmartschke27','tmarrows1i'),('mmunslow4e','gdumphries59'),('mriall1h','msilber16'),('mshirlaw2t','alumsdall2o'),('msilber16','apirdy3g'),('msweeny8l','smcjerrow1d'),('mtomczykiewicz2y','abouch1y'),('mtrowler1j','bzavattero2k'),('mtunsley7y','lhearty6w'),('mvillaret2r','lharp2n'),('mwayman5m','ttockell6r'),('mwaywell4x','oloudianm'),('nforbear5a','ghallgate3b'),('ngergely6i','cstanney3z'),('nhorney6l','cradborne8g'),('nkull3r','odudbridge2'),('nlenard37','aparkman6q'),('odudbridge2','croskeilly7p'),('oloudianm','cstanney3z'),('oskures5b','kcaldes64'),('palster1e','rallibon3t'),('pbarg1n','aodowne2d'),('pbrastead8q','esims58'),('pdecruse6x','rfarncombe7g'),('pdugmore8p','toshesnan5o'),('pdumigan8h','lsillito4q'),('phousin52','cklulisek2l'),('phumblestone1r','iarundale1s'),('phyndley2f','hbattie8m'),('pjeandon1c','cmarriott7j'),('preeds7e','measterfield28'),('prookesby5g','agoodsell6z'),('pstitwell4f','rallibon3t'),('psturton5f','dmcgray2x'),('pwashbrooku','bdrews1w'),('pyakovich50','jbaldcock1z'),('rallibon3t','rrickets7f'),('rbernardo68','odudbridge2'),('rdelves46','mwaywell4x'),('rdeniset81','kneward5z'),('rdjorvic3e','rpoznanski4u'),('rfarncombe7g','bhalahan14'),('rfarrington5','amullenr'),('rgallant8u','abaglan6e'),('rgoncaves3','fmathouse78'),('rhallen4b','civic45'),('rhasell8k','cdandy6g'),('rhixson66','gpattingtonh'),('rkeys7r','rpoznanski4u'),('rpinilla8b','gfriesz'),('rpoznanski4u','kneward5z'),('rrickets7f','hhubber24'),('rsheards8c','hcostell31'),('rstorer22','cwallentin1m'),('rtomei7i','gkeyson32'),('sbexon4y','zleyrroyd4n'),('sbithany7b','pdumigan8h'),('sbrunner1x','glearie75'),('scajkler56','eewell7a'),('scarnegie89','kharrington6k'),('sdufore2q','wohenery61'),('sgovieri','gfriesz'),('shurran4z','fmebiusv'),('silyenko2u','kbuyers79'),('skibbe7k','croskeilly7p'),('slabitt5n','lnaden53'),('smcjerrow1d','aloveland44'),('sriglesford6','adicker30'),('sscripturew','dcaen29'),('sshelborne2g','fdillingstone3y'),('ssomerscales25','dimas30'),('swhipp6c','aloveland44'),('syurinov3s','bcopins2j'),('tborghese8o','ahaddinton20'),('tcollocott3l','dvedstra8w'),('teisak5x','rdelves46'),('tgullefant4r','aodowne2d'),('tloffill2i','ktargetter6t'),('tmarrows1i','toshesnan5o'),('toshesnan5o','preeds7e'),('tpichmann41','lriccione6u'),('tsteggals2w','dgierkeb'),('ttockell6r','lratcliffe3j'),('vakker4','kbelsey3d'),('vbrahams7x','candreini83'),('vcassey2z','rhixson66'),('vgamwell2v','cgrogor23'),('vhansie51','amundford2p'),('vkleine7s','phyndley2f'),('vprovis38','scajkler56'),('vrudman84','shurran4z'),('vsanders3c','llamswood6p'),('wmerryfield8n','ssomerscales25'),('wohenery61','ebucknell4m'),('zleyrroyd4n','oloudianm'),('zridgwell40','zridgwell40');
/*!40000 ALTER TABLE `follow_user` ENABLE KEYS */;
UNLOCK TABLES;

--
-- Table structure for table `library`
--

DROP TABLE IF EXISTS `library`;
/*!40101 SET @saved_cs_client     = @@character_set_client */;
/*!40101 SET character_set_client = utf8 */;
CREATE TABLE `library` (
  `Spotify_username` varchar(16) NOT NULL,
  `Track_number` int(11) NOT NULL,
  `Song_ID` int(11) NOT NULL,
  PRIMARY KEY (`Spotify_username`,`Track_number`,`Song_ID`),
  KEY `FK_song_id_library` (`Song_ID`),
  CONSTRAINT `FK_song_id_library` FOREIGN KEY (`Song_ID`) REFERENCES `song` (`Song_ID`),
  CONSTRAINT `FK_spotify_username_library` FOREIGN KEY (`Spotify_username`) REFERENCES `user_data` (`Spotify_username`)
) ENGINE=InnoDB DEFAULT CHARSET=latin1;
/*!40101 SET character_set_client = @saved_cs_client */;

--
-- Dumping data for table `library`
--

LOCK TABLES `library` WRITE;
/*!40000 ALTER TABLE `library` DISABLE KEYS */;
INSERT INTO `library` (`Spotify_username`, `Track_number`, `Song_ID`) VALUES ('abaglan6e',231,3039),('abanat48',153,3152),('ablood6m',239,3047),('abouch1y',71,3070),('abrake35',114,3113),('abroseke7t',282,3090),('acutforth1k',57,3056),('adicker30',109,3108),('aerrington82',291,3099),('aflasby5t',210,3018),('agaiger6f',232,3040),('agoodsell6z',252,3060),('agot4l',166,3165),('ahaddinton20',73,3072),('ajuza2s',101,3100),('akenforth39',118,3117),('aloblie8r',316,3124),('aloveland44',149,3148),('alumsdall2o',97,3096),('amacparlan7q',279,3087),('amullenr',28,3027),('amundford2p',98,3097),('aodowne2d',86,3085),('aparkman6q',243,3051),('apirdy3g',125,3124),('arolls19',46,3045),('asettle1q',63,3062),('aspadeck2b',84,3083),('avalerio63',220,3028),('awhitrod1l',58,3057),('awickliffe6y',251,3059),('awilbraham7u',283,3091),('bbeaman2e',87,3086),('bcopins2j',92,3091),('bdrews1w',69,3068),('bemanulsson1t',66,3065),('bferreiro3h',126,3125),('bhalahan14',41,3040),('bhamshaw7w',285,3093),('bhulmes43',148,3147),('bjailler11',38,3037),('bklimczak6v',248,3056),('bmardall0',1,3000),('bmazella1g',53,3052),('bmepham34',113,3112),('bmoodie7l',274,3082),('bnoyce1u',67,3066),('bparlatt8',9,3008),('bseakings3o',133,3132),('btout54',185,3184),('bwoodhallc',13,3012),('bzavattero2k',93,3092),('candreini83',292,3100),('ccollocott57',188,3187),('cdandy6g',233,3041),('cfabler7v',284,3092),('cferretti7d',266,3074),('cfrosdickg',17,3016),('cglowacki3i',127,3126),('cgrogor23',76,3075),('chakeworthy',35,3034),('chawsby5y',215,3023),('civic45',150,3149),('cklulisek2l',94,3093),('cmarriott7j',272,3080),('cmartinson4w',177,3176),('cnugent42',147,3146),('cpedgrift2m',95,3094),('cpedreschi4o',169,3168),('cphippen3q',135,3134),('cpugh12',39,3038),('cradborne8g',305,3113),('creaney8a',299,3107),('creinisch3n',132,3131),('croskeilly7p',278,3086),('crush5e',195,3003),('cselby5r',208,3016),('cstanney3z',144,3143),('ctimny17',44,3043),('cwallentin1m',59,3058),('cwyson62',219,3027),('dalway85',294,3102),('dbrazener86',295,3103),('dcaen29',82,3081),('dcrissil5l',202,3010),('ddake13',40,3039),('ddiviney15',42,3041),('dfleg7z',288,3096),('dgierkeb',12,3011),('dgilbey55',186,3185),('dgoodlake7c',265,3073),('dhappert6d',230,3038),('dhastewell21',74,3073),('dimas30',326,3134),('dlissett8e',303,3111),('dmaskelyne72',255,3063),('dmcgray2x',106,3105),('dmcleary4i',163,3162),('dnarup1f',52,3051),('dtimletts',29,3028),('dvedstra8w',321,3129),('dyarker80',289,3097),('eblincko1v',68,3067),('ebucknell4m',167,3166),('echateletp',26,3025),('eewell7a',263,3071),('egawthorped',14,3013),('ekittles76',259,3067),('eluke2c',85,3084),('eschoffler18',45,3044),('eselliman6o',241,3049),('esims58',189,3188),('esleaford7n',276,3084),('etremberth5p',206,3014),('ezoucho',25,3024),('fclerk1o',61,3060),('fcoules6s',245,3053),('fdillingstone3y',143,3142),('fernaldi21',324,3132),('fmartinson4p',170,3169),('fmathouse78',261,3069),('fmebiusv',32,3031),('fpeirpoint4a',155,3154),('fsimonson9',10,3009),('ftilbury4t',174,3173),('fweems3w',141,3140),('gdenecamp3a',119,3118),('gdumphries59',190,3189),('gfriesz',36,3035),('ghallgate3b',120,3119),('ghanwell6n',240,3048),('ghudspithj',20,3019),('gkeyson32',111,3110),('gkwietek7o',277,3085),('glearie75',258,3066),('glonginan',24,3023),('gmandifield70',253,3061),('gmeasor60',217,3025),('gminihan8y',323,3131),('gpattingtonh',18,3017),('gpienk',21,3020),('gsharp8t',318,3126),('gspiers3v',140,3139),('gtrahmel1b',48,3047),('hacutt5s',209,3017),('hbattie8m',311,3119),('hcostell31',110,3109),('hhubber24',77,3076),('hmabe8f',304,3112),('hpavlenko49',154,3153),('hrothert3u',139,3138),('hsheddan7m',275,3083),('htedorenko5c',193,3001),('iarundale1s',65,3064),('ieallisx',34,3033),('ifosdike3m',131,3130),('imcpheat4d',158,3157),('imechan7h',270,3078),('itant6b',228,3036),('jantuoni8d',302,3110),('jbaldcock1z',72,3071),('jbax74',257,3065),('jcuff8x',322,3130),('jeddowes3x',142,3141),('jferie33',112,3111),('jgracey69',226,3034),('jkite10',37,3036),('jkleinstern65',222,3030),('jlombardo73',256,3064),('jpendall5q',207,3015),('jpoynterq',27,3026),('jrayer8s',317,3125),('jshemelt47',152,3151),('jsilcock8i',307,3115),('jswansbury2a',83,3082),('jtitchen77',260,3068),('kbelsey3d',122,3121),('kbuyers79',262,3070),('kcaldes64',221,3029),('kclemsonf',16,3015),('kcurnok5v',212,3020),('kding1p',62,3061),('kgerdes4c',157,3156),('kghidelli5k',201,3009),('kharrington6k',237,3045),('khulme6h',234,3042),('kmcgloughlin1',2,3001),('kneward5z',216,3024),('konraet88',297,3105),('kseston4j',164,3163),('kshallcrass5i',199,3007),('ktargetter6t',246,3054),('ktassell2h',90,3089),('ktow5d',194,3002),('kyushankin3f',124,3123),('lbrimham3k',129,3128),('lbrunia',11,3010),('lcanavan4k',165,3164),('lcavnor8v',320,3128),('lcollacombe4g',161,3160),('lcullnean6j',236,3044),('lfashion87',296,3104),('lharp2n',96,3095),('lhearty6w',249,3057),('llamswood6p',242,3050),('lnaden53',184,3183),('lovene',15,3014),('lpadula36',115,3114),('lphythean4h',162,3161),('lratcliffe3j',128,3127),('lriccione6u',247,3055),('lsillito4q',171,3170),('lwiseman1a',47,3046),('mcathenod4s',173,3172),('mcollopy71',254,3062),('mcraig3p',134,3133),('mdougharty5w',213,3021),('mdusting5u',211,3019),('measterfield28',81,3080),('melwyn5h',198,3006),('mgodspede26',79,3078),('mhallor67',224,3032),('mhandsheart7',8,3007),('mhurrant',30,3029),('mkiely4v',176,3175),('mkindell5j',200,3008),('mkoppell',22,3021),('mleere8j',308,3116),('mmacmorland6a',227,3035),('mmartschke27',80,3079),('mmunslow4e',159,3158),('mriall1h',54,3053),('mshirlaw2t',102,3101),('msilber16',43,3042),('msweeny8l',310,3118),('mtomczykiewicz2y',107,3106),('mtrowler1j',56,3055),('mtunsley7y',287,3095),('mvillaret2r',100,3099),('mwayman5m',203,3011),('mwaywell4x',178,3177),('nforbear5a',191,3190),('ngergely6i',235,3043),('nhorney6l',238,3046),('nkull3r',136,3135),('nlenard37',116,3115),('odudbridge2',3,3002),('oloudianm',23,3022),('oskures5b',192,3000),('palster1e',51,3050),('pbarg1n',60,3059),('pbrastead8q',315,3123),('pdecruse6x',250,3058),('pdugmore8p',314,3122),('pdumigan8h',306,3114),('phousin52',183,3182),('phumblestone1r',64,3063),('phyndley2f',88,3087),('pjeandon1c',49,3048),('preeds7e',267,3075),('prookesby5g',197,3005),('pstitwell4f',160,3159),('psturton5f',196,3004),('pwashbrooku',31,3030),('pyakovich50',181,3180),('rallibon3t',138,3137),('rbernardo68',225,3033),('rdelves46',151,3150),('rdeniset81',290,3098),('rdjorvic3e',123,3122),('rfarncombe7g',269,3077),('rfarrington5',6,3005),('rgallant8u',319,3127),('rgoncaves3',4,3003),('rhallen4b',156,3155),('rhasell8k',309,3117),('rhixson66',223,3031),('rkeys7r',280,3088),('rpinilla8b',300,3108),('rpoznanski4u',175,3174),('rrickets7f',268,3076),('rsheards8c',301,3109),('rstorer22',75,3074),('rtomei7i',271,3079),('sbexon4y',179,3178),('sbithany7b',264,3072),('sbrunner1x',70,3069),('scajkler56',187,3186),('scarnegie89',298,3106),('sdufore2q',99,3098),('sgovieri',19,3018),('shurran4z',180,3179),('silyenko2u',103,3102),('skibbe7k',273,3081),('slabitt5n',204,3012),('smcjerrow1d',50,3049),('sriglesford6',7,3006),('sscripturew',33,3032),('sshelborne2g',89,3088),('ssomerscales25',78,3077),('swhipp6c',229,3037),('syurinov3s',137,3136),('tborghese8o',313,3121),('tcollocott3l',130,3129),('teisak5x',214,3022),('tgullefant4r',172,3171),('tloffill2i',91,3090),('tmarrows1i',55,3054),('toshesnan5o',205,3013),('tpichmann41',146,3145),('tsteggals2w',105,3104),('ttockell6r',244,3052),('TuanYon',325,3133),('vakker4',5,3004),('vbrahams7x',286,3094),('vcassey2z',108,3107),('vgamwell2v',104,3103),('vhansie51',182,3181),('vkleine7s',281,3089),('vprovis38',117,3116),('vrudman84',293,3101),('vsanders3c',121,3120),('wmerryfield8n',312,3120),('wohenery61',218,3026),('zleyrroyd4n',168,3167),('zridgwell40',145,3144);
/*!40000 ALTER TABLE `library` ENABLE KEYS */;
UNLOCK TABLES;

--
-- Table structure for table `payments`
--

DROP TABLE IF EXISTS `payments`;
/*!40101 SET @saved_cs_client     = @@character_set_client */;
/*!40101 SET character_set_client = utf8 */;
CREATE TABLE `payments` (
  `Spotify_username` varchar(16) NOT NULL,
  `Payment_Code` int(11) NOT NULL,
  `Type` varchar(50) DEFAULT NULL,
  `Card_Number` varchar(50) DEFAULT NULL,
  `Card_Expiry` date DEFAULT NULL,
  `Creation_Date` date DEFAULT NULL,
  PRIMARY KEY (`Spotify_username`,`Payment_Code`),
  CONSTRAINT `FK_spotify_username_payments` FOREIGN KEY (`Spotify_username`) REFERENCES `user_data` (`Spotify_username`)
) ENGINE=InnoDB DEFAULT CHARSET=latin1;
/*!40101 SET character_set_client = @saved_cs_client */;

--
-- Dumping data for table `payments`
--

LOCK TABLES `payments` WRITE;
/*!40000 ALTER TABLE `payments` DISABLE KEYS */;
INSERT INTO `payments` (`Spotify_username`, `Payment_Code`, `Type`, `Card_Number`, `Card_Expiry`, `Creation_Date`) VALUES ('abaglan6e',8231,'laser','6771162549409568391','2022-09-21','2020-05-08'),('abanat48',8153,'switch','633366280077982324','2023-02-13','2020-06-25'),('ablood6m',8239,'americanexpress','337941051779345','2022-02-01','2020-05-28'),('abouch1y',8071,'jcb','3589040902808178','2024-09-18','2020-04-27'),('abrake35',8114,'diners-club-carte-blanche','30440327780674','2021-12-07','2020-10-01'),('abroseke7t',8282,'maestro','06044617985594676','2022-01-11','2020-10-29'),('acutforth1k',8057,'jcb','3575130768651709','2022-11-19','2020-06-19'),('adicker30',8109,'mastercard','5108758884529093','2024-05-20','2020-06-27'),('aerrington82',8291,'solo','633427817644532921','2022-09-11','2020-01-23'),('aflasby5t',8210,'jcb','3557628625447353','2024-08-29','2020-12-03'),('agaiger6f',8232,'maestro','6762819840140469','2024-01-14','2020-02-09'),('agoodsell6z',8252,'jcb','3581513612548753','2024-08-01','2020-07-22'),('agot4l',8166,'mastercard','5108755594895038','2023-11-18','2020-04-12'),('ahaddinton20',8073,'jcb','3589305435004292','2023-12-12','2020-01-13'),('ajuza2s',8101,'visa-electron','4913590852630944','2024-08-23','2020-05-28'),('akenforth39',8118,'americanexpress','374288215546101','2022-08-30','2020-05-17'),('aloveland44',8149,'switch','491141385995408800','2023-11-29','2020-08-22'),('alumsdall2o',8097,'mastercard','5376782408373437','2022-08-20','2020-11-01'),('amacparlan7q',8279,'diners-club-enroute','201892671014634','2022-10-18','2020-12-09'),('amullenr',8028,'jcb','3581366175620166','2023-12-16','2020-03-18'),('amundford2p',8098,'americanexpress','372301323397820','2023-10-12','2020-02-28'),('aodowne2d',8086,'jcb','3547833887096137','2022-11-20','2020-03-10'),('aparkman6q',8243,'mastercard','5108759759526214','2024-02-25','2020-08-17'),('apirdy3g',8125,'jcb','3585257301262674','2023-07-22','2020-11-07'),('arolls19',8046,'visa-electron','4175004020927987','2023-04-02','2020-04-25'),('asettle1q',8063,'jcb','3537371177229615','2024-08-26','2020-10-15'),('aspadeck2b',8084,'bankcard','5602220436681592','2023-02-25','2020-07-18'),('avalerio63',8220,'jcb','3548741456632548','2024-03-07','2020-06-15'),('awhitrod1l',8058,'americanexpress','372301906199361','2024-03-10','2020-08-25'),('awickliffe6y',8251,'bankcard','5602258275446974','2024-09-23','2020-09-09'),('awilbraham7u',8283,'jcb','3569164666644381','2024-01-26','2020-07-31'),('bbeaman2e',8087,'jcb','3531806262694781','2022-02-26','2020-09-04'),('bcopins2j',8092,'jcb','3540614671458163','2023-06-26','2020-08-31'),('bdrews1w',8069,'americanexpress','372301045125368','2022-03-22','2020-02-12'),('bemanulsson1t',8066,'jcb','3568814111772218','2024-08-07','2020-02-01'),('bferreiro3h',8126,'jcb','3557272882682863','2024-06-12','2020-07-14'),('bhalahan14',8041,'visa','4017958476073350','2023-05-09','2020-06-18'),('bhamshaw7w',8285,'visa','4934209448790','2024-10-16','2020-05-20'),('bhulmes43',8148,'jcb','3548065510677368','2022-02-15','2020-04-17'),('bjailler11',8038,'jcb','3582161045099272','2023-05-05','2020-09-26'),('bklimczak6v',8248,'mastercard','5010121497237827','2023-01-19','2020-11-14'),('bmardall0',8001,'switch','564182238091282286','2022-09-10','2020-06-13'),('bmazella1g',8053,'jcb','3588250689548043','2022-07-18','2020-12-10'),('bmepham34',8113,'bankcard','5602229643047968','2022-07-06','2020-12-06'),('bmoodie7l',8274,'switch','6331108712326451','2022-11-30','2020-02-26'),('bnoyce1u',8067,'switch','493602023876737769','2024-02-26','2020-06-21'),('bparlatt8',8009,'americanexpress','372301651082408','2023-08-08','2020-02-16'),('bseakings3o',8133,'maestro','5038987298625204336','2022-11-27','2020-02-19'),('btout54',8185,'jcb','3542530546688800','2022-07-02','2020-12-07'),('bwoodhallc',8013,'laser','6709900748950150651','2023-05-17','2020-01-18'),('bzavattero2k',8093,'jcb','3528327285540252','2022-08-19','2020-01-18'),('candreini83',8292,'china-unionpay','561043739825630406','2024-03-16','2020-04-23'),('ccollocott57',8188,'americanexpress','377811041229878','2022-06-28','2020-01-20'),('cdandy6g',8233,'americanexpress','374288206886896','2022-01-09','2020-06-28'),('cfabler7v',8284,'switch','4905047337923394','2022-10-29','2020-09-30'),('cferretti7d',8266,'jcb','3533187610194149','2024-06-13','2020-11-08'),('cfrosdickg',8017,'instapayment','6391786965769498','2022-08-18','2020-03-09'),('cglowacki3i',8127,'jcb','3582357126374457','2023-05-26','2020-04-23'),('cgrogor23',8076,'jcb','3567439381370385','2024-06-09','2020-05-25'),('chakeworthy',8035,'maestro','676288516505807961','2023-04-15','2020-06-28'),('chawsby5y',8215,'maestro','503882053991355608','2022-07-13','2020-05-06'),('civic45',8150,'mastercard','5100149405326730','2022-11-26','2020-07-31'),('cklulisek2l',8094,'diners-club-enroute','201553319837915','2024-01-24','2020-08-12'),('cmarriott7j',8272,'jcb','3559729566870757','2023-03-14','2020-06-20'),('cmartinson4w',8177,'jcb','3545416961518127','2022-02-27','2020-05-15'),('cnugent42',8147,'jcb','3543511984700934','2023-12-21','2020-03-05'),('cpedgrift2m',8095,'jcb','3544835252338666','2024-07-16','2020-05-07'),('cpedreschi4o',8169,'diners-club-enroute','201715370652612','2022-02-04','2020-06-08'),('cphippen3q',8135,'jcb','3562464934380579','2023-10-02','2020-03-18'),('cpugh12',8039,'diners-club-carte-blanche','30334253394453','2024-06-16','2020-08-03'),('cradborne8g',8305,'jcb','3557740825240478','2023-09-24','2020-11-24'),('creaney8a',8299,'jcb','3560807109389639','2024-08-09','2020-10-07'),('creinisch3n',8132,'jcb','3571102831778912','2022-09-16','2020-02-21'),('croskeilly7p',8278,'jcb','3557367209025901','2023-04-19','2020-12-03'),('crush5e',8195,'maestro','5020599610499675946','2023-04-07','2020-10-31'),('cselby5r',8208,'jcb','3578984593359244','2022-01-24','2020-06-03'),('cstanney3z',8144,'visa-electron','4026258190597589','2022-04-27','2020-06-22'),('ctimny17',8044,'americanexpress','372301932703566','2022-07-26','2020-11-16'),('cwallentin1m',8059,'jcb','3558520322776649','2022-05-12','2020-11-28'),('cwyson62',8219,'jcb','3535485950900432','2024-02-23','2020-09-07'),('dalway85',8294,'laser','630426462739470070','2022-06-15','2020-04-28'),('dbrazener86',8295,'jcb','3574004096330578','2024-01-28','2020-10-23'),('dcaen29',8082,'laser','67711601359750811','2024-02-16','2020-08-03'),('dcrissil5l',8202,'jcb','3547292834666924','2023-10-02','2020-03-21'),('ddake13',8040,'maestro','6304928552275844560','2022-11-03','2020-01-30'),('ddiviney15',8042,'jcb','3548311786470504','2022-04-08','2020-06-29'),('dfleg7z',8288,'jcb','3561991433154494','2024-09-07','2020-02-15'),('dgierkeb',8012,'switch','6333776948178025','2024-01-17','2020-03-18'),('dgilbey55',8186,'diners-club-carte-blanche','30400540570658','2023-08-15','2020-04-23'),('dgoodlake7c',8265,'jcb','3574355689961116','2021-11-23','2020-04-10'),('dhappert6d',8230,'mastercard','5108752077161996','2024-02-21','2020-06-02'),('dhastewell21',8074,'jcb','3536316793693117','2024-10-28','2020-10-19'),('dimas30',8316,'laser','670977380671220163','2022-02-08','2020-02-18'),('dlissett8e',8303,'visa-electron','4844267989733065','2024-10-09','2020-12-05'),('dmaskelyne72',8255,'bankcard','5602250983549991','2022-08-11','2020-10-02'),('dmcgray2x',8106,'bankcard','5610923417539107','2022-03-10','2020-06-17'),('dmcleary4i',8163,'jcb','3555809723208564','2024-10-20','2020-06-24'),('dnarup1f',8052,'maestro','6763084814990897878','2023-10-22','2020-10-28'),('dtimletts',8029,'switch','6333515314725145363','2023-09-04','2020-05-02'),('dyarker80',8289,'jcb','3534080247265292','2024-05-04','2020-03-23'),('eblincko1v',8068,'jcb','3561261692507240','2022-11-17','2020-09-15'),('ebucknell4m',8167,'mastercard','5108750273011940','2024-05-25','2020-11-06'),('echateletp',8026,'solo','6767365434711989','2022-06-27','2020-07-15'),('eewell7a',8263,'jcb','3543939862378384','2023-04-21','2020-06-23'),('egawthorped',8014,'mastercard','5100174626959432','2021-12-29','2020-09-19'),('ekittles76',8259,'jcb','3576542076508760','2023-03-27','2020-10-18'),('eluke2c',8085,'jcb','3585646396712843','2022-12-05','2020-01-28'),('eschoffler18',8045,'diners-club-enroute','201925453618501','2022-08-30','2020-07-08'),('eselliman6o',8241,'jcb','3555948018641335','2024-07-13','2020-08-14'),('esims58',8189,'jcb','3568876838440825','2024-03-08','2020-07-04'),('esleaford7n',8276,'visa','4858991952968','2022-10-13','2020-08-23'),('etremberth5p',8206,'china-unionpay','560222805017169159','2022-09-06','2020-01-24'),('ezoucho',8025,'bankcard','5602232004227047','2024-06-18','2020-03-30'),('fclerk1o',8061,'diners-club-us-ca','5539636081102691','2022-07-21','2020-01-24'),('fcoules6s',8245,'diners-club-carte-blanche','30563826931686','2023-11-23','2020-04-14'),('fdillingstone3y',8143,'jcb','3568287920834489','2022-10-15','2020-02-06'),('fernaldi21',8314,'maestro','50189595648648084','2023-07-25','2020-06-26'),('fmartinson4p',8170,'visa-electron','4026468405290553','2023-01-28','2020-04-04'),('fmathouse78',8261,'jcb','3588951474291463','2022-10-31','2020-07-18'),('fmebiusv',8032,'jcb','3575095181467647','2022-02-22','2020-10-29'),('fpeirpoint4a',8155,'maestro','67594623060505641','2024-03-30','2020-01-11'),('fsimonson9',8010,'jcb','3570752218083103','2023-02-10','2020-01-27'),('ftilbury4t',8174,'jcb','3534473759701517','2023-05-13','2020-08-09'),('fweems3w',8141,'switch','4936084407265813','2023-03-07','2020-11-08'),('gdenecamp3a',8119,'bankcard','5602237483269493','2021-12-30','2020-10-01'),('gdumphries59',8190,'instapayment','6389093920240317','2024-03-18','2020-03-26'),('gfriesz',8036,'jcb','3574133921156344','2023-04-23','2020-09-13'),('ghallgate3b',8120,'visa-electron','4508884621534755','2023-03-04','2020-07-16'),('ghanwell6n',8240,'jcb','3534251399350543','2022-02-26','2020-12-02'),('ghudspithj',8020,'instapayment','6380410388550863','2022-09-25','2020-07-17'),('gkeyson32',8111,'visa-electron','4508439465877727','2024-01-20','2020-07-08'),('gkwietek7o',8277,'jcb','3584451734871711','2024-05-02','2020-05-24'),('glearie75',8258,'diners-club-carte-blanche','30131253794843','2024-08-04','2020-01-29'),('glonginan',8024,'maestro','5020322334624130','2023-07-03','2020-05-07'),('gmandifield70',8253,'maestro','502084970686074624','2023-12-10','2020-11-30'),('gmeasor60',8217,'jcb','3564249905638024','2023-04-08','2020-06-23'),('gpattingtonh',8018,'maestro','50181260027681010','2022-06-07','2020-10-09'),('gpienk',8021,'mastercard','5444441915628399','2023-11-03','2020-11-17'),('gspiers3v',8140,'maestro','5018132736629098','2022-04-18','2020-01-27'),('gtrahmel1b',8048,'jcb','3583187299229934','2022-12-04','2020-02-01'),('hacutt5s',8209,'instapayment','6384137311373677','2023-12-20','2020-06-14'),('hbattie8m',8311,'bankcard','5602217111395902','2022-12-01','2020-04-23'),('hcostell31',8110,'maestro','676160539815099437','2022-09-14','2020-10-19'),('hhubber24',8077,'jcb','3554619314228793','2022-12-31','2020-08-21'),('hmabe8f',8304,'mastercard','5100172145439035','2024-06-11','2020-02-23'),('hpavlenko49',8154,'diners-club-carte-blanche','30265668156089','2023-03-05','2020-01-31'),('hrothert3u',8139,'mastercard','5240582210830283','2022-11-01','2020-05-13'),('hsheddan7m',8275,'jcb','3553882000225397','2023-01-15','2020-08-12'),('htedorenko5c',8193,'jcb','3532508130850244','2023-07-18','2020-06-15'),('iarundale1s',8065,'bankcard','5602237093249760','2024-06-15','2020-02-09'),('ieallisx',8034,'visa-electron','4508003830524040','2023-08-01','2020-02-22'),('ifosdike3m',8131,'jcb','3578931203708716','2022-07-18','2020-10-24'),('imcpheat4d',8158,'switch','490374254072594421','2022-02-17','2020-11-13'),('imechan7h',8270,'diners-club-us-ca','5458454538467593','2022-02-01','2020-05-11'),('itant6b',8228,'americanexpress','337941589583532','2024-06-30','2020-08-06'),('jantuoni8d',8302,'jcb','3543175015618976','2023-05-17','2020-03-16'),('jbaldcock1z',8072,'bankcard','5602222165869356','2021-12-02','2020-12-01'),('jbax74',8257,'mastercard','5100133876774545','2023-09-14','2020-10-29'),('jeddowes3x',8142,'jcb','3568875755759589','2022-10-05','2020-09-21'),('jferie33',8112,'jcb','3535764717450448','2021-12-29','2020-08-18'),('jgracey69',8226,'jcb','3566244228074229','2022-06-01','2020-10-27'),('jkite10',8037,'mastercard','5113335897041912','2024-01-27','2020-10-22'),('jkleinstern65',8222,'china-unionpay','56022273335504840','2023-09-08','2020-02-15'),('jlombardo73',8256,'americanexpress','374622228359286','2022-12-29','2020-02-21'),('jpendall5q',8207,'visa','4956463583334806','2024-08-14','2020-12-07'),('jpoynterq',8027,'mastercard','5156311508516178','2023-11-03','2020-01-24'),('jshemelt47',8152,'mastercard','5100173834111778','2023-02-09','2020-12-06'),('jsilcock8i',8307,'americanexpress','374622214863499','2022-03-20','2020-04-27'),('jswansbury2a',8083,'visa-electron','4026312117997115','2024-04-07','2020-06-29'),('jtitchen77',8260,'visa','4017951854736','2024-04-28','2020-06-10'),('kbelsey3d',8122,'americanexpress','374622165093369','2022-11-12','2020-09-29'),('kbuyers79',8262,'americanexpress','372301587652621','2022-08-18','2020-04-22'),('kcaldes64',8221,'visa-electron','4844883055805254','2023-09-18','2020-02-13'),('kclemsonf',8016,'bankcard','5602220941587771','2022-09-19','2020-03-10'),('kcurnok5v',8212,'bankcard','5602245051811414','2022-11-09','2020-01-15'),('kding1p',8062,'visa-electron','4508059227017485','2023-08-18','2020-04-22'),('kgerdes4c',8157,'americanexpress','374283959659673','2022-08-18','2020-05-28'),('kghidelli5k',8201,'jcb','3528788357993556','2024-07-19','2020-09-14'),('kharrington6k',8237,'jcb','3541377832612446','2024-03-13','2020-10-21'),('khulme6h',8234,'jcb','3577476498588887','2024-04-09','2020-12-09'),('kmcgloughlin1',8002,'jcb','3574847263020558','2022-08-14','2020-06-29'),('kneward5z',8216,'visa-electron','4405798996361723','2023-12-22','2020-10-26'),('konraet88',8297,'mastercard','5108752499793038','2022-11-11','2020-10-30'),('kseston4j',8164,'jcb','3568184909753618','2024-04-24','2020-10-25'),('kshallcrass5i',8199,'maestro','503835850464469941','2024-02-18','2020-02-10'),('ktargetter6t',8246,'china-unionpay','56022293490277438','2022-12-26','2020-07-06'),('ktassell2h',8090,'laser','6709465230179765202','2023-02-20','2020-11-04'),('ktow5d',8194,'jcb','3556457227771056','2022-09-11','2020-04-09'),('kyushankin3f',8124,'jcb','3531735629479273','2024-08-15','2020-04-16'),('lbrimham3k',8129,'jcb','3583200025220901','2022-02-11','2020-04-30'),('lbrunia',8011,'jcb','3548504708064559','2022-03-21','2020-07-13'),('lcanavan4k',8165,'americanexpress','344033425345523','2024-08-15','2020-07-23'),('lcollacombe4g',8161,'jcb','3543428093498161','2023-03-31','2020-04-16'),('lcullnean6j',8236,'americanexpress','342022900894586','2024-09-26','2020-10-23'),('lfashion87',8296,'jcb','3548544188318760','2023-06-18','2020-06-14'),('lharp2n',8096,'jcb','3583898128431331','2021-11-30','2020-05-22'),('lhearty6w',8249,'americanexpress','340665578699802','2023-02-07','2020-07-26'),('llamswood6p',8242,'switch','4936193629463815','2024-03-05','2020-06-27'),('lnaden53',8184,'diners-club-us-ca','5462833304595717','2022-08-28','2020-02-19'),('lovene',8015,'maestro','50201205350002751','2023-02-27','2020-08-15'),('lpadula36',8115,'jcb','3544687321103476','2024-02-28','2020-06-18'),('lphythean4h',8162,'jcb','3544529399369813','2023-07-19','2020-01-24'),('lratcliffe3j',8128,'switch','490389513313082865','2023-12-28','2020-08-19'),('lriccione6u',8247,'switch','493653673943228214','2022-03-17','2020-08-11'),('lsillito4q',8171,'jcb','3574341978358669','2023-07-17','2020-01-27'),('lwiseman1a',8047,'jcb','3589909018641378','2022-11-06','2020-06-08'),('mcathenod4s',8173,'instapayment','6394257701978691','2021-12-10','2020-05-17'),('mcollopy71',8254,'jcb','3531986075549800','2023-10-10','2020-06-03'),('mcraig3p',8134,'jcb','3578177072123906','2023-08-16','2020-10-22'),('mdougharty5w',8213,'mastercard','5152754607608921','2023-02-16','2020-09-08'),('mdusting5u',8211,'china-unionpay','56022304856367240','2022-01-31','2020-05-12'),('measterfield28',8081,'jcb','3557175390935295','2023-04-11','2020-04-01'),('melwyn5h',8198,'visa','4041375482296','2022-09-11','2020-10-06'),('mgodspede26',8079,'jcb','3557055343464223','2024-02-04','2020-02-07'),('mhallor67',8224,'jcb','3569413989538071','2023-09-20','2020-03-19'),('mhandsheart7',8008,'jcb','3540430010254902','2024-07-23','2020-09-29'),('mhurrant',8030,'jcb','3528026997356557','2024-01-04','2020-08-30'),('mkiely4v',8176,'maestro','502024638747142978','2023-08-30','2020-06-19'),('mkindell5j',8200,'mastercard','5463814032291216','2024-03-04','2020-09-20'),('mkoppell',8022,'mastercard','5455698198979858','2023-05-26','2020-03-31'),('mleere8j',8308,'jcb','3555984941590539','2022-12-04','2020-11-22'),('mmacmorland6a',8227,'jcb','3551704116558663','2023-12-06','2020-07-10'),('mmartschke27',8080,'jcb','3566114237018436','2024-03-28','2020-06-24'),('mmunslow4e',8159,'jcb','3567829138627956','2024-10-12','2020-05-08'),('mriall1h',8054,'jcb','3538393876880554','2022-08-10','2020-11-01'),('mshirlaw2t',8102,'diners-club-carte-blanche','30074542187876','2024-10-18','2020-03-08'),('msilber16',8043,'jcb','3549115878616711','2023-08-26','2020-02-18'),('msweeny8l',8310,'jcb','3584803303422914','2024-10-29','2020-08-29'),('mtomczykiewicz2y',8107,'jcb','3568305095745783','2022-07-11','2020-02-20'),('mtrowler1j',8056,'visa-electron','4026389875070640','2022-02-27','2020-08-05'),('mtunsley7y',8287,'visa-electron','4405341750070824','2023-09-19','2020-07-14'),('mvillaret2r',8100,'jcb','3541495195151404','2022-06-23','2020-03-18'),('mwayman5m',8203,'jcb','3573281551725309','2024-03-14','2020-02-12'),('mwaywell4x',8178,'mastercard','5598756173050976','2024-05-08','2020-11-18'),('nforbear5a',8191,'jcb','3569635115356537','2023-12-29','2020-05-15'),('ngergely6i',8235,'jcb','3534960953628728','2022-09-26','2020-01-26'),('nhorney6l',8238,'jcb','3538311896511314','2022-12-18','2020-11-02'),('nkull3r',8136,'switch','4905189612981596','2022-01-12','2020-01-21'),('nlenard37',8116,'diners-club-carte-blanche','30368764965278','2024-05-17','2020-05-21'),('odudbridge2',8003,'diners-club-carte-blanche','30277517446843','2022-05-07','2020-03-22'),('oloudianm',8023,'jcb','3568169495230436','2024-04-28','2020-10-04'),('oskures5b',8192,'china-unionpay','560225148280454124','2022-10-20','2020-04-17'),('palster1e',8051,'jcb','3530470895627642','2022-03-13','2020-09-23'),('pbarg1n',8060,'jcb','3585578418367340','2022-08-15','2020-06-26'),('pdecruse6x',8250,'jcb','3561237908850533','2023-05-04','2020-06-30'),('pdumigan8h',8306,'bankcard','5610259347810338','2024-05-25','2020-08-28'),('phousin52',8183,'jcb','3546684391644115','2023-11-09','2020-09-05'),('phumblestone1r',8064,'china-unionpay','5602239653695341','2022-01-18','2020-03-07'),('phyndley2f',8088,'bankcard','5602232146006341','2022-05-19','2020-06-30'),('pjeandon1c',8049,'visa','4017950636506','2022-08-10','2020-08-12'),('preeds7e',8267,'instapayment','6387908286464114','2023-06-06','2020-03-24'),('prookesby5g',8197,'instapayment','6376545045230171','2022-02-13','2020-04-21'),('pstitwell4f',8160,'visa-electron','4917645804487003','2022-06-21','2020-11-07'),('psturton5f',8196,'instapayment','6385626773785997','2024-04-17','2020-10-15'),('pwashbrooku',8031,'mastercard','5048377867891215','2023-04-27','2020-07-05'),('pyakovich50',8181,'laser','6709564717041703254','2023-09-29','2020-03-23'),('rallibon3t',8138,'jcb','3580261852882174','2022-12-10','2020-04-05'),('rbernardo68',8225,'diners-club-enroute','201760183507777','2021-11-17','2020-09-22'),('rdelves46',8151,'jcb','3572154872577488','2023-04-06','2020-10-19'),('rdeniset81',8290,'jcb','3567364507206422','2023-09-07','2020-03-17'),('rdjorvic3e',8123,'jcb','3547754322207347','2023-03-20','2020-04-12'),('rfarncombe7g',8269,'diners-club-carte-blanche','30582611919615','2022-07-16','2020-01-24'),('rfarrington5',8006,'mastercard','5446741880752456','2022-01-15','2020-06-14'),('rgoncaves3',8004,'jcb','3544613252973596','2023-12-21','2020-07-10'),('rhallen4b',8156,'visa-electron','4913353516097319','2022-12-25','2020-04-30'),('rhasell8k',8309,'mastercard','5100130734044947','2024-06-14','2020-04-26'),('rhixson66',8223,'americanexpress','372301878239245','2022-05-30','2020-08-14'),('rkeys7r',8280,'jcb','3576396802079186','2022-08-25','2020-10-26'),('rpinilla8b',8300,'mastercard','5108750816741151','2022-08-29','2020-02-22'),('rpoznanski4u',8175,'americanexpress','374283576559298','2022-04-04','2020-05-04'),('rrickets7f',8268,'diners-club-carte-blanche','30047471277561','2024-05-05','2020-08-01'),('rsheards8c',8301,'laser','6709649354751187','2023-10-06','2020-05-17'),('rstorer22',8075,'maestro','5893994999964771','2022-07-29','2020-04-17'),('rtomei7i',8271,'diners-club-enroute','201510634818087','2022-03-03','2020-04-14'),('sbexon4y',8179,'switch','4936528663805635421','2023-09-05','2020-05-10'),('sbithany7b',8264,'jcb','3543772940667183','2022-02-09','2020-06-12'),('sbrunner1x',8070,'switch','5641820670066623251','2023-12-16','2020-11-03'),('scajkler56',8187,'jcb','3544146569743709','2023-10-18','2020-10-15'),('scarnegie89',8298,'jcb','3541893372691806','2024-09-05','2020-07-25'),('sdufore2q',8099,'jcb','3533642230963166','2023-11-12','2020-01-29'),('sgovieri',8019,'jcb','3532543752780494','2023-04-06','2020-07-04'),('shurran4z',8180,'jcb','3584067248316140','2023-11-11','2020-12-10'),('silyenko2u',8103,'maestro','6304998010034226','2022-10-05','2020-12-09'),('skibbe7k',8273,'jcb','3574179715551471','2022-04-29','2020-06-09'),('slabitt5n',8204,'maestro','63041348257915712','2023-09-05','2020-11-28'),('smcjerrow1d',8050,'maestro','6762659730255963','2023-11-07','2020-07-05'),('sriglesford6',8007,'jcb','3533790756871501','2022-04-15','2020-02-26'),('sscripturew',8033,'jcb','3549214119350048','2023-12-15','2020-02-04'),('sshelborne2g',8089,'solo','6334140219351325','2024-10-22','2020-01-12'),('ssomerscales25',8078,'jcb','3571660840069631','2023-02-27','2020-06-08'),('swhipp6c',8229,'bankcard','5602251183008762','2023-04-11','2020-02-20'),('syurinov3s',8137,'jcb','3532085227527563','2024-08-15','2020-07-07'),('tborghese8o',8313,'visa-electron','4844710337046938','2022-07-24','2020-04-29'),('tcollocott3l',8130,'switch','6333643066281462','2023-08-11','2020-07-17'),('teisak5x',8214,'americanexpress','374288350642590','2024-06-10','2020-03-28'),('tgullefant4r',8172,'jcb','3556013390523327','2023-03-13','2020-07-09'),('tloffill2i',8091,'jcb','3550323964985026','2022-06-14','2020-06-30'),('tmarrows1i',8055,'jcb','3554486124552808','2022-03-23','2020-08-06'),('toshesnan5o',8205,'jcb','3579606448716398','2024-02-28','2020-11-09'),('tpichmann41',8146,'jcb','3585126093003002','2022-01-25','2020-04-12'),('tsteggals2w',8105,'jcb','3563314330968759','2022-07-24','2020-04-08'),('ttockell6r',8244,'visa','4444848771162987','2024-03-30','2020-06-14'),('TuanYon',8315,'mastercard','5100138199606613','2024-05-10','2020-10-29'),('vakker4',8005,'laser','67095886858052167','2023-10-30','2020-08-14'),('vbrahams7x',8286,'mastercard','5100139317513442','2024-03-22','2020-08-13'),('vcassey2z',8108,'jcb','3551722871211997','2024-03-11','2020-07-19'),('vgamwell2v',8104,'mastercard','5002350257419750','2022-04-21','2020-07-11'),('vhansie51',8182,'mastercard','5393914799486705','2023-02-15','2020-06-06'),('vkleine7s',8281,'bankcard','5602238105689357','2022-10-28','2020-05-12'),('vprovis38',8117,'maestro','6304169309903733816','2022-02-14','2020-05-17'),('vrudman84',8293,'laser','6706308090692233501','2022-09-21','2020-10-07'),('vsanders3c',8121,'china-unionpay','5602233888667993','2023-10-07','2020-11-22'),('wmerryfield8n',8312,'solo','676723072797740794','2022-06-01','2020-10-28'),('wohenery61',8218,'diners-club-carte-blanche','30537119135866','2021-12-10','2020-06-10'),('zleyrroyd4n',8168,'jcb','3567927042366917','2024-09-11','2020-10-12'),('zridgwell40',8145,'maestro','5893852425645463176','2021-12-17','2020-11-14');
/*!40000 ALTER TABLE `payments` ENABLE KEYS */;
UNLOCK TABLES;

--
-- Table structure for table `playlist`
--

DROP TABLE IF EXISTS `playlist`;
/*!40101 SET @saved_cs_client     = @@character_set_client */;
/*!40101 SET character_set_client = utf8 */;
CREATE TABLE `playlist` (
  `Playlist_ID` int(11) NOT NULL,
  `Playlist_Name` varchar(255) NOT NULL,
  `Date_Modified` date NOT NULL,
  `Local_track_name` varchar(255) NOT NULL,
  `Description` text NOT NULL,
  PRIMARY KEY (`Playlist_ID`)
) ENGINE=InnoDB DEFAULT CHARSET=latin1;
/*!40101 SET character_set_client = @saved_cs_client */;

--
-- Dumping data for table `playlist`
--

LOCK TABLES `playlist` WRITE;
/*!40000 ALTER TABLE `playlist` DISABLE KEYS */;
INSERT INTO `playlist` (`Playlist_ID`, `Playlist_Name`, `Date_Modified`, `Local_track_name`, `Description`) VALUES (4000,'Rhynyx','2020-05-28','Vision-oriented','sit amet consectetuer adipiscing elit proin risus praesent lectus vestibulum quam sapien varius ut blandit non interdum in'),(4001,'Kwilith','2019-11-12','encryption','venenatis lacinia aenean sit amet justo morbi ut odio cras mi pede malesuada in imperdiet et commodo vulputate justo'),(4002,'Skyndu','2019-12-23','Total','congue vivamus metus arcu adipiscing molestie hendrerit at vulputate vitae nisl aenean lectus pellentesque eget nunc donec quis'),(4003,'Trilia','2020-04-01','Synchronised','suspendisse potenti nullam porttitor lacus at turpis donec posuere metus'),(4004,'Buzzdog','2020-08-15','Public-key','in ante vestibulum ante ipsum primis in faucibus orci luctus et ultrices posuere cubilia curae duis faucibus accumsan odio curabitur'),(4005,'Innojam','2020-06-08','coherent','quam sollicitudin vitae consectetuer eget rutrum at lorem integer tincidunt ante vel ipsum'),(4006,'Kwideo','2020-08-12','Multi-layered','placerat ante nulla justo aliquam quis turpis eget elit sodales scelerisque mauris sit amet eros suspendisse'),(4007,'Feedfish','2020-01-24','full-range','dui vel nisl duis ac nibh fusce lacus purus aliquet at feugiat non pretium quis'),(4008,'Divavu','2020-10-08','adapter','orci luctus et ultrices posuere cubilia curae mauris viverra diam vitae quam suspendisse potenti nullam porttitor lacus at'),(4009,'Edgeclub','2020-10-12','Grass-roots','nulla suspendisse potenti cras in purus eu magna vulputate luctus cum sociis natoque penatibus et magnis dis parturient montes nascetur'),(4010,'Cogilith','2020-11-08','next generation','aliquet pulvinar sed nisl nunc rhoncus dui vel sem sed sagittis nam congue risus semper porta volutpat quam pede'),(4011,'Devbug','2020-05-19','high-level','vulputate nonummy maecenas tincidunt lacus at velit vivamus vel nulla'),(4012,'Centimia','2020-04-04','systemic','ac nulla sed vel enim sit amet nunc viverra dapibus'),(4013,'Plambee','2020-09-24','zero administration','feugiat non pretium quis lectus suspendisse potenti in eleifend quam a odio in hac habitasse platea dictumst'),(4014,'Wordware','2020-09-22','well-modulated','sapien urna pretium nisl ut volutpat sapien arcu sed augue aliquam erat volutpat in congue etiam'),(4015,'Twimbo','2020-07-02','background','morbi odio odio elementum eu interdum eu tincidunt in leo maecenas pulvinar lobortis'),(4016,'Voonyx','2020-08-05','Multi-layered','condimentum neque sapien placerat ante nulla justo aliquam quis turpis eget'),(4017,'Jabbersphere','2020-05-16','composite','cubilia curae nulla dapibus dolor vel est donec odio justo sollicitudin ut'),(4018,'Jabbersphere','2020-02-27','neutral','vitae consectetuer eget rutrum at lorem integer tincidunt ante vel ipsum praesent blandit lacinia erat'),(4019,'Vitz','2020-08-07','Re-contextualized','velit id pretium iaculis diam erat fermentum justo nec condimentum neque sapien placerat ante nulla justo'),(4020,'Camido','2019-12-26','eco-centric','sem praesent id massa id nisl venenatis lacinia aenean sit'),(4021,'Fanoodle','2020-06-27','Multi-channelled','volutpat convallis morbi odio odio elementum eu interdum eu tincidunt in leo maecenas pulvinar lobortis est phasellus sit amet erat'),(4022,'Youspan','2020-10-18','ability','vestibulum sagittis sapien cum sociis natoque penatibus et magnis dis parturient montes nascetur ridiculus mus etiam vel augue vestibulum'),(4023,'Blogpad','2019-11-20','leading edge','luctus et ultrices posuere cubilia curae donec pharetra magna vestibulum aliquet ultrices erat tortor sollicitudin mi sit amet lobortis'),(4024,'Jabbersphere','2020-05-07','budgetary management','eu nibh quisque id justo sit amet sapien dignissim vestibulum vestibulum ante ipsum primis in faucibus'),(4025,'Skinte','2020-10-07','bifurcated','eros elementum pellentesque quisque porta volutpat erat quisque erat eros viverra eget congue eget semper rutrum nulla'),(4026,'Digitube','2020-06-25','non-volatile','fusce posuere felis sed lacus morbi sem mauris laoreet ut rhoncus aliquet pulvinar sed nisl'),(4027,'Mycat','2020-03-23','support','auctor gravida sem praesent id massa id nisl venenatis lacinia aenean sit amet justo morbi ut'),(4028,'Youspan','2020-10-22','full-range','odio justo sollicitudin ut suscipit a feugiat et eros vestibulum ac est lacinia'),(4029,'Skyble','2020-08-24','protocol','sed magna at nunc commodo placerat praesent blandit nam nulla'),(4030,'Skippad','2020-01-31','empowering','justo sollicitudin ut suscipit a feugiat et eros vestibulum ac est'),(4031,'Thoughtbeat','2019-11-12','eco-centric','semper est quam pharetra magna ac consequat metus sapien ut nunc vestibulum ante ipsum'),(4032,'Tazzy','2020-11-07','help-desk','quis turpis sed ante vivamus tortor duis mattis egestas metus aenean fermentum'),(4033,'Jaxspan','2020-07-08','neural-net','sed sagittis nam congue risus semper porta volutpat quam pede lobortis ligula sit amet eleifend pede libero'),(4034,'Devcast','2020-03-31','knowledge base','nunc donec quis orci eget orci vehicula condimentum curabitur in libero ut massa volutpat convallis morbi odio odio elementum eu'),(4035,'Ntag','2020-05-08','Persevering','sem sed sagittis nam congue risus semper porta volutpat quam pede lobortis ligula sit amet eleifend pede libero quis orci'),(4036,'Wordify','2020-07-22','Phased','porttitor lorem id ligula suspendisse ornare consequat lectus in est risus auctor sed tristique in tempus'),(4037,'Rhybox','2020-08-28','process improvement','dui maecenas tristique est et tempus semper est quam pharetra magna ac consequat metus'),(4038,'Jabberbean','2020-06-02','function','in consequat ut nulla sed accumsan felis ut at dolor quis odio consequat varius integer ac leo pellentesque ultrices mattis'),(4039,'Browsetype','2020-11-03','Pre-emptive','et ultrices posuere cubilia curae mauris viverra diam vitae quam suspendisse potenti nullam porttitor lacus at turpis donec posuere'),(4040,'Trunyx','2020-01-07','workforce','penatibus et magnis dis parturient montes nascetur ridiculus mus vivamus vestibulum sagittis'),(4041,'Skynoodle','2020-05-01','motivating','pretium quis lectus suspendisse potenti in eleifend quam a odio in hac habitasse platea dictumst'),(4042,'Babbleopia','2020-04-12','Total','diam in magna bibendum imperdiet nullam orci pede venenatis non sodales sed tincidunt eu'),(4043,'Kwimbee','2020-08-15','client-server','cursus vestibulum proin eu mi nulla ac enim in tempor turpis nec euismod scelerisque quam'),(4044,'Aimbu','2020-03-24','Function-based','quam turpis adipiscing lorem vitae mattis nibh ligula nec sem duis aliquam convallis nunc proin at turpis'),(4045,'Youfeed','2020-05-01','analyzer','non sodales sed tincidunt eu felis fusce posuere felis sed lacus morbi sem mauris laoreet ut rhoncus aliquet pulvinar sed'),(4046,'Viva','2020-02-05','even-keeled','quisque erat eros viverra eget congue eget semper rutrum nulla nunc purus phasellus in felis'),(4047,'Quire','2020-08-30','5th generation','in hac habitasse platea dictumst aliquam augue quam sollicitudin vitae consectetuer eget rutrum at lorem'),(4048,'Kwinu','2019-12-03','application','lectus in est risus auctor sed tristique in tempus sit amet sem fusce consequat'),(4049,'Divanoodle','2019-12-16','Operative','donec quis orci eget orci vehicula condimentum curabitur in libero ut massa volutpat convallis'),(4050,'Eidel','2020-01-01','interface','eget elit sodales scelerisque mauris sit amet eros suspendisse accumsan tortor quis turpis sed ante vivamus tortor duis'),(4051,'Gabtype','2020-01-12','mobile','molestie hendrerit at vulputate vitae nisl aenean lectus pellentesque eget nunc donec quis orci'),(4052,'Photolist','2020-04-14','Phased','nisl aenean lectus pellentesque eget nunc donec quis orci eget orci vehicula condimentum curabitur in libero ut massa volutpat'),(4053,'Fivebridge','2020-09-10','composite','ligula pellentesque ultrices phasellus id sapien in sapien iaculis congue vivamus metus arcu adipiscing molestie hendrerit at vulputate vitae nisl'),(4054,'Voolia','2020-07-08','parallelism','curabitur in libero ut massa volutpat convallis morbi odio odio elementum eu interdum'),(4055,'Dynabox','2020-10-06','asymmetric','eget congue eget semper rutrum nulla nunc purus phasellus in'),(4056,'Mudo','2020-05-30','open system','imperdiet et commodo vulputate justo in blandit ultrices enim lorem ipsum dolor sit amet consectetuer'),(4057,'Quatz','2020-04-28','Reduced','nibh in quis justo maecenas rhoncus aliquam lacus morbi quis tortor id'),(4058,'Ntag','2020-09-06','open system','turpis sed ante vivamus tortor duis mattis egestas metus aenean'),(4059,'Dabshots','2020-03-05','3rd generation','odio elementum eu interdum eu tincidunt in leo maecenas pulvinar lobortis est phasellus'),(4060,'Feedbug','2020-10-01','Compatible','ut nulla sed accumsan felis ut at dolor quis odio consequat varius integer ac leo pellentesque ultrices mattis odio'),(4061,'Dynabox','2020-07-04','Quality-focused','morbi porttitor lorem id ligula suspendisse ornare consequat lectus in est risus'),(4062,'Meembee','2020-02-01','bi-directional','tempus vel pede morbi porttitor lorem id ligula suspendisse ornare consequat lectus in'),(4063,'Jabbersphere','2020-02-22','Customer-focused','platea dictumst etiam faucibus cursus urna ut tellus nulla ut erat id mauris vulputate elementum nullam'),(4064,'Trupe','2020-10-30','budgetary management','fusce lacus purus aliquet at feugiat non pretium quis lectus suspendisse potenti in eleifend quam'),(4065,'Eadel','2020-04-02','systemic','et magnis dis parturient montes nascetur ridiculus mus etiam vel augue vestibulum rutrum rutrum neque aenean auctor'),(4066,'Latz','2020-09-29','Self-enabling','aliquet maecenas leo odio condimentum id luctus nec molestie sed justo'),(4067,'Babbleset','2020-06-29','emulation','duis bibendum morbi non quam nec dui luctus rutrum nulla tellus in sagittis dui vel'),(4068,'Abata','2019-11-13','composite','leo odio porttitor id consequat in consequat ut nulla sed accumsan felis ut at dolor quis odio consequat varius'),(4069,'Youfeed','2020-01-30','Managed','suscipit ligula in lacus curabitur at ipsum ac tellus semper interdum mauris ullamcorper purus sit amet nulla'),(4070,'Eazzy','2020-02-29','transitional','donec diam neque vestibulum eget vulputate ut ultrices vel augue vestibulum ante ipsum primis in faucibus orci luctus et'),(4071,'Tagfeed','2020-04-26','Seamless','eget semper rutrum nulla nunc purus phasellus in felis donec semper sapien a libero nam dui'),(4072,'Twitterworks','2020-10-20','Inverse','primis in faucibus orci luctus et ultrices posuere cubilia curae donec pharetra magna vestibulum aliquet ultrices'),(4073,'Kaymbo','2019-11-24','5th generation','sem fusce consequat nulla nisl nunc nisl duis bibendum felis sed'),(4074,'Abatz','2020-10-27','scalable','parturient montes nascetur ridiculus mus etiam vel augue vestibulum rutrum rutrum neque aenean auctor gravida sem praesent id'),(4075,'Centizu','2020-04-17','secured line','sed magna at nunc commodo placerat praesent blandit nam nulla integer pede justo lacinia eget tincidunt eget'),(4076,'Cogidoo','2020-04-03','Up-sized','sed vel enim sit amet nunc viverra dapibus nulla suscipit ligula in lacus curabitur at ipsum ac'),(4077,'Myworks','2020-06-10','global','in ante vestibulum ante ipsum primis in faucibus orci luctus et ultrices posuere cubilia curae duis faucibus accumsan odio'),(4078,'Flashset','2020-08-09','Advanced','etiam pretium iaculis justo in hac habitasse platea dictumst etiam faucibus cursus urna ut tellus nulla ut'),(4079,'Blogtag','2020-05-26','Sharable','lacus morbi sem mauris laoreet ut rhoncus aliquet pulvinar sed nisl nunc rhoncus dui vel sem'),(4080,'Zoomcast','2020-07-08','software','dui nec nisi volutpat eleifend donec ut dolor morbi vel lectus in quam'),(4081,'Aimbo','2019-12-27','software','eu magna vulputate luctus cum sociis natoque penatibus et magnis dis parturient montes nascetur ridiculus mus vivamus vestibulum sagittis'),(4082,'Wikibox','2020-05-27','3rd generation','leo maecenas pulvinar lobortis est phasellus sit amet erat nulla tempus vivamus in felis eu sapien cursus vestibulum'),(4083,'Tanoodle','2020-07-13','Open-architected','et ultrices posuere cubilia curae donec pharetra magna vestibulum aliquet'),(4084,'Centidel','2020-04-03','bifurcated','ut tellus nulla ut erat id mauris vulputate elementum nullam varius nulla facilisi cras non velit'),(4085,'Yadel','2020-07-25','interface','porttitor id consequat in consequat ut nulla sed accumsan felis ut at dolor quis odio consequat varius integer ac leo'),(4086,'Quamba','2020-02-15','heuristic','at nunc commodo placerat praesent blandit nam nulla integer pede'),(4087,'Browsetype','2020-07-03','leverage','erat curabitur gravida nisi at nibh in hac habitasse platea dictumst'),(4088,'Topicstorm','2020-04-25','user-facing','hendrerit at vulputate vitae nisl aenean lectus pellentesque eget nunc donec quis orci'),(4089,'Bubblebox','2020-10-14','client-driven','vestibulum vestibulum ante ipsum primis in faucibus orci luctus et ultrices posuere cubilia curae nulla dapibus dolor vel est'),(4090,'Rhyzio','2020-10-31','Object-based','mi sit amet lobortis sapien sapien non mi integer ac neque duis bibendum morbi non quam nec dui'),(4091,'Livetube','2020-03-26','Realigned','non mi integer ac neque duis bibendum morbi non quam nec dui luctus rutrum'),(4092,'Skimia','2020-09-08','support','eu magna vulputate luctus cum sociis natoque penatibus et magnis dis parturient montes nascetur ridiculus mus'),(4093,'Livetube','2020-05-30','emulation','sollicitudin ut suscipit a feugiat et eros vestibulum ac est lacinia nisi venenatis tristique'),(4094,'Jabbersphere','2020-02-25','Assimilated','at turpis donec posuere metus vitae ipsum aliquam non mauris morbi non lectus aliquam sit amet diam'),(4095,'Rhynyx','2020-10-22','Distributed','in congue etiam justo etiam pretium iaculis justo in hac habitasse platea dictumst etiam faucibus cursus urna'),(4096,'Linkbuzz','2020-08-09','content-based','ut mauris eget massa tempor convallis nulla neque libero convallis eget eleifend luctus ultricies'),(4097,'Gigashots','2019-11-23','infrastructure','nulla quisque arcu libero rutrum ac lobortis vel dapibus at diam nam'),(4098,'Realcube','2020-09-04','Expanded','justo lacinia eget tincidunt eget tempus vel pede morbi porttitor lorem id ligula suspendisse ornare'),(4099,'Mydo','2020-05-08','asynchronous','suspendisse ornare consequat lectus in est risus auctor sed tristique in tempus');
/*!40000 ALTER TABLE `playlist` ENABLE KEYS */;
UNLOCK TABLES;

--
-- Table structure for table `playlist_contains`
--

DROP TABLE IF EXISTS `playlist_contains`;
/*!40101 SET @saved_cs_client     = @@character_set_client */;
/*!40101 SET character_set_client = utf8 */;
CREATE TABLE `playlist_contains` (
  `Playlist_ID` int(11) NOT NULL,
  `Song_ID` int(11) NOT NULL,
  PRIMARY KEY (`Playlist_ID`,`Song_ID`),
  KEY `FK_song_playlist_contains` (`Song_ID`),
  CONSTRAINT `FK_playlist_playlist_contains` FOREIGN KEY (`Playlist_ID`) REFERENCES `playlist` (`Playlist_ID`) ON UPDATE CASCADE,
  CONSTRAINT `FK_song_playlist_contains` FOREIGN KEY (`Song_ID`) REFERENCES `song` (`Song_ID`) ON UPDATE CASCADE
) ENGINE=InnoDB DEFAULT CHARSET=latin1;
/*!40101 SET character_set_client = @saved_cs_client */;

--
-- Dumping data for table `playlist_contains`
--

LOCK TABLES `playlist_contains` WRITE;
/*!40000 ALTER TABLE `playlist_contains` DISABLE KEYS */;
INSERT INTO `playlist_contains` (`Playlist_ID`, `Song_ID`) VALUES (4000,3149),(4001,3123),(4002,3138),(4003,3082),(4004,3130),(4005,3063),(4006,3158),(4007,3124),(4008,3144),(4009,3023),(4010,3181),(4011,3164),(4012,3087),(4013,3017),(4014,3003),(4015,3080),(4016,3126),(4017,3088),(4018,3175),(4019,3042),(4020,3135),(4021,3175),(4022,3037),(4023,3056),(4024,3000),(4025,3036),(4026,3145),(4027,3136),(4028,3054),(4029,3123),(4030,3078),(4031,3029),(4032,3093),(4033,3034),(4034,3113),(4035,3115),(4036,3029),(4037,3132),(4038,3167),(4039,3047),(4040,3071),(4041,3026),(4042,3004),(4043,3169),(4044,3114),(4045,3067),(4046,3137),(4047,3098),(4048,3073),(4049,3092),(4050,3021),(4051,3047),(4052,3056),(4053,3075),(4054,3129),(4055,3121),(4056,3001),(4057,3014),(4058,3060),(4059,3066),(4060,3165),(4061,3179),(4062,3179),(4063,3075),(4064,3069),(4065,3119),(4066,3129),(4067,3009),(4068,3060),(4069,3071),(4070,3008),(4071,3060),(4072,3180),(4073,3107),(4074,3106),(4075,3154),(4076,3145),(4077,3025),(4078,3130),(4079,3156),(4080,3015),(4081,3004),(4082,3050),(4083,3108),(4084,3020),(4085,3011),(4086,3022),(4087,3119),(4088,3047),(4089,3122),(4090,3059),(4091,3130),(4092,3013),(4093,3039),(4094,3184),(4095,3000),(4096,3011),(4097,3131),(4098,3188),(4099,3161);
/*!40000 ALTER TABLE `playlist_contains` ENABLE KEYS */;
UNLOCK TABLES;

--
-- Table structure for table `podcast`
--

DROP TABLE IF EXISTS `podcast`;
/*!40101 SET @saved_cs_client     = @@character_set_client */;
/*!40101 SET character_set_client = utf8 */;
CREATE TABLE `podcast` (
  `Podcast_ID` int(11) NOT NULL,
  `Podcast_Name` varchar(255) NOT NULL,
  `Owner_Name` varchar(255) NOT NULL,
  `Episode` int(11) NOT NULL,
  `Genre` varchar(255) NOT NULL,
  `Description` text NOT NULL,
  `Release_Date` date NOT NULL,
  PRIMARY KEY (`Podcast_ID`)
) ENGINE=InnoDB DEFAULT CHARSET=latin1;
/*!40101 SET character_set_client = @saved_cs_client */;

--
-- Dumping data for table `podcast`
--

LOCK TABLES `podcast` WRITE;
/*!40000 ALTER TABLE `podcast` DISABLE KEYS */;
INSERT INTO `podcast` (`Podcast_ID`, `Podcast_Name`, `Owner_Name`, `Episode`, `Genre`, `Description`, `Release_Date`) VALUES (2000,'Keebler and Sons','Estรจve',38,'Documentary','et ultrices posuere cubilia curae donec pharetra magna vestibulum aliquet ultrices','2020-08-25'),(2001,'Becker LLC','Intรฉressant',1,'Musical','nulla ultrices aliquet maecenas leo odio condimentum id luctus nec molestie sed justo pellentesque viverra pede ac diam cras','2020-09-07'),(2002,'Frami-Hackett','Judicaรซl',23,'Documentary','commodo placerat praesent blandit nam nulla integer pede justo lacinia eget tincidunt eget tempus vel pede morbi','2020-07-06'),(2003,'Stroman Group','Angรจle',16,'Horror','sem duis aliquam convallis nunc proin at turpis a pede posuere nonummy integer non velit donec diam neque vestibulum eget','2020-08-25'),(2004,'Schroeder-O\'Keefe','Josรฉphine',99,'Fantasy','cum sociis natoque penatibus et magnis dis parturient montes nascetur ridiculus mus vivamus vestibulum','2020-10-21'),(2005,'Kihn-Schultz','Bรฉrรฉnice',5,'Thriller','et tempus semper est quam pharetra magna ac consequat metus','2020-02-02'),(2006,'Littel LLC','Pรฒ',23,'Children','ac neque duis bibendum morbi non quam nec dui luctus rutrum','2020-09-04'),(2007,'Bernier-Jaskolski','Andrรฉanne',63,'Thriller','justo lacinia eget tincidunt eget tempus vel pede morbi porttitor lorem id ligula suspendisse ornare consequat lectus','2020-05-08'),(2008,'Fritsch, Nolan and Sporer','Pรฉnรฉlope',93,'Horror','praesent blandit lacinia erat vestibulum sed magna at nunc commodo placerat praesent','2020-08-18'),(2009,'Deckow-Auer','Rรฉjane',99,'Horror','tempor turpis nec euismod scelerisque quam turpis adipiscing lorem vitae mattis','2020-03-24'),(2010,'Considine, Corkery and Zieme','Mahรฉlie',80,'Documentary','justo morbi ut odio cras mi pede malesuada in imperdiet et commodo vulputate justo in blandit','2020-05-05'),(2011,'Franecki and Sons','Irรจne',1,'Children','id nulla ultrices aliquet maecenas leo odio condimentum id luctus nec molestie','2019-11-20'),(2012,'Abbott-Moen','Mรฉlia',23,'Thriller','elit sodales scelerisque mauris sit amet eros suspendisse accumsan tortor quis turpis sed ante','2020-11-01'),(2013,'Russel Inc','Styrbjรถrn',72,'Musical','elit sodales scelerisque mauris sit amet eros suspendisse accumsan tortor quis turpis','2020-03-26'),(2014,'Pouros, Nader and Reinger','Kรฉvina',62,'Comedy','nulla ultrices aliquet maecenas leo odio condimentum id luctus nec','2020-04-25'),(2015,'Jast Group','Marie-hรฉlรจne',58,'Horror','blandit mi in porttitor pede justo eu massa donec dapibus duis at velit eu est','2020-07-31'),(2016,'Leuschke-Kub','Maรฏlys',1,'Horror','consequat lectus in est risus auctor sed tristique in tempus sit amet sem','2020-08-18'),(2017,'Zulauf and Sons','Elรฉa',30,'Thriller','tincidunt eu felis fusce posuere felis sed lacus morbi sem mauris laoreet ut rhoncus','2020-07-26'),(2018,'Bayer-Rosenbaum','Mylรจne',81,'Children','nulla suscipit ligula in lacus curabitur at ipsum ac tellus semper interdum','2020-02-18'),(2019,'Hegmann, Hills and Mertz','Lorรจne',58,'Musical','potenti in eleifend quam a odio in hac habitasse platea dictumst maecenas ut massa quis augue luctus tincidunt nulla','2020-01-15'),(2020,'Cormier-Becker','Audrรฉanne',80,'Documentary','tincidunt ante vel ipsum praesent blandit lacinia erat vestibulum sed magna at nunc commodo placerat praesent blandit nam nulla','2020-07-22'),(2021,'Harber, Lakin and Aufderhar','Angรฉlique',16,'Mystery','donec ut mauris eget massa tempor convallis nulla neque libero convallis eget eleifend luctus ultricies eu nibh quisque id','2020-05-14'),(2022,'Barrows-Walker','Torbjรถrn',97,'Drama','ipsum primis in faucibus orci luctus et ultrices posuere cubilia curae duis','2020-05-30'),(2023,'Jones, Corwin and Reynolds','Dorothรฉe',65,'Fantasy','mattis egestas metus aenean fermentum donec ut mauris eget massa tempor','2020-02-18'),(2024,'Hodkiewicz-Cormier','Ophรฉlie',31,'Thriller','praesent blandit lacinia erat vestibulum sed magna at nunc commodo placerat praesent blandit','2020-01-23'),(2025,'Bins and Sons','Mรฉlina',74,'Children','eros elementum pellentesque quisque porta volutpat erat quisque erat eros','2020-01-07'),(2026,'MacGyver, Crooks and Kessler','Amรฉlie',92,'Musical','fermentum justo nec condimentum neque sapien placerat ante nulla justo aliquam quis turpis eget elit sodales scelerisque mauris sit','2020-04-16'),(2027,'Zulauf and Sons','Bรฉrangรจre',19,'Mystery','elit proin interdum mauris non ligula pellentesque ultrices phasellus id sapien in','2020-06-03'),(2028,'Wintheiser, Feeney and Purdy','Loรฏc',97,'Children','quam a odio in hac habitasse platea dictumst maecenas ut massa','2020-06-04'),(2029,'Hermann and Sons','Clรฉlia',66,'Horror','nunc viverra dapibus nulla suscipit ligula in lacus curabitur at ipsum ac','2020-02-05'),(2030,'Leuschke-Roob','Gรถsta',10,'Documentary','hendrerit at vulputate vitae nisl aenean lectus pellentesque eget nunc donec quis orci eget orci vehicula condimentum','2019-12-13'),(2031,'O\'Keefe and Sons','Vรฉnus',35,'Children','montes nascetur ridiculus mus etiam vel augue vestibulum rutrum rutrum neque aenean auctor gravida','2020-08-20'),(2032,'Herzog-Gibson','Judicaรซl',27,'Children','dapibus dolor vel est donec odio justo sollicitudin ut suscipit a feugiat','2020-09-18'),(2033,'Prosacco-Fritsch','Laรฏla',97,'Horror','sit amet sem fusce consequat nulla nisl nunc nisl duis bibendum felis','2019-11-26'),(2034,'Barrows and Sons','Mรฉng',93,'Comedy','purus sit amet nulla quisque arcu libero rutrum ac lobortis vel dapibus at diam nam tristique tortor eu','2020-04-04'),(2035,'Hodkiewicz-Hackett','Edmรฉe',7,'Documentary','ipsum dolor sit amet consectetuer adipiscing elit proin interdum mauris non ligula pellentesque ultrices phasellus','2020-10-24'),(2036,'Davis-Kuhlman','Wรก',62,'Drama','mus etiam vel augue vestibulum rutrum rutrum neque aenean auctor','2020-09-28'),(2037,'Corkery and Sons','Andrรฉanne',21,'Comedy','lectus vestibulum quam sapien varius ut blandit non interdum in','2020-04-14'),(2038,'Aufderhar Inc','Chloรฉ',4,'Drama','dolor sit amet consectetuer adipiscing elit proin risus praesent lectus vestibulum quam sapien varius ut','2020-07-15'),(2039,'Hackett, Harber and Renner','Cรฉline',86,'Comedy','in hac habitasse platea dictumst morbi vestibulum velit id pretium iaculis diam','2020-03-17'),(2040,'Nikolaus and Sons','Daphnรฉe',67,'Documentary','ut erat id mauris vulputate elementum nullam varius nulla facilisi cras non velit nec nisi vulputate nonummy','2020-11-07'),(2041,'Will and Sons','Bรถrje',12,'Thriller','accumsan odio curabitur convallis duis consequat dui nec nisi volutpat eleifend donec','2020-03-04'),(2042,'Lindgren-Lemke','Maรฏlis',97,'Horror','massa volutpat convallis morbi odio odio elementum eu interdum eu tincidunt in leo maecenas pulvinar lobortis est phasellus sit amet','2020-11-02'),(2043,'Conn-Huels','Mรฉn',49,'Crime','at velit eu est congue elementum in hac habitasse platea dictumst morbi vestibulum','2020-02-09'),(2044,'Schneider Group','Clรฉa',55,'Comedy','interdum venenatis turpis enim blandit mi in porttitor pede justo eu massa donec dapibus duis at velit','2019-11-26'),(2045,'Cronin, Abshire and Beier','รsten',4,'Comedy','convallis tortor risus dapibus augue vel accumsan tellus nisi eu orci mauris lacinia','2020-03-17'),(2046,'Boyer, Kuhlman and Robel','Cรฉlestine',6,'Drama','eget orci vehicula condimentum curabitur in libero ut massa volutpat convallis morbi odio','2020-03-09'),(2047,'Howe, Metz and Gislason','Vรฉronique',26,'Comedy','id ornare imperdiet sapien urna pretium nisl ut volutpat sapien arcu sed augue aliquam erat','2020-03-29'),(2048,'Carroll, Flatley and Ritchie','Athรฉna',37,'Drama','vestibulum ac est lacinia nisi venenatis tristique fusce congue diam','2020-07-20'),(2049,'Hilll-Brown','Cunรฉgonde',100,'Horror','dis parturient montes nascetur ridiculus mus etiam vel augue vestibulum rutrum rutrum neque aenean auctor','2020-04-06'),(2050,'McKenzie, Hayes and Schinner','Uรฒ',14,'Comedy','vulputate elementum nullam varius nulla facilisi cras non velit nec','2020-02-09'),(2051,'Mitchell Inc','Pรฉnรฉlope',63,'Thriller','eros suspendisse accumsan tortor quis turpis sed ante vivamus tortor duis mattis egestas metus aenean fermentum donec','2020-01-28'),(2052,'Rutherford-Feeney','รsa',82,'Crime','convallis tortor risus dapibus augue vel accumsan tellus nisi eu orci mauris lacinia sapien quis','2020-03-06'),(2053,'Ritchie-Kunde','Cloรฉ',18,'Drama','fringilla rhoncus mauris enim leo rhoncus sed vestibulum sit amet','2019-12-17'),(2054,'Franecki LLC','Mรฉdiamass',52,'Drama','fermentum justo nec condimentum neque sapien placerat ante nulla justo aliquam quis turpis eget','2020-10-08'),(2055,'Welch, Moen and Bayer','Anaรฉ',41,'Crime','integer a nibh in quis justo maecenas rhoncus aliquam lacus morbi quis tortor id','2020-06-17'),(2056,'McKenzie, Aufderhar and Towne','Lรฉn',10,'Fantasy','volutpat sapien arcu sed augue aliquam erat volutpat in congue etiam justo etiam pretium iaculis justo in hac habitasse platea','2020-10-15'),(2057,'Berge-Kohler','Pรฒ',61,'Documentary','eu orci mauris lacinia sapien quis libero nullam sit amet','2020-09-29'),(2058,'O\'Connell-Oberbrunner','Lรฉane',35,'Comedy','feugiat non pretium quis lectus suspendisse potenti in eleifend quam a odio in hac habitasse platea dictumst maecenas ut massa','2019-12-05'),(2059,'Dicki-Bashirian','Bรฉatrice',86,'Thriller','integer aliquet massa id lobortis convallis tortor risus dapibus augue vel accumsan tellus','2020-06-26'),(2060,'Romaguera-Stamm','Pรฉlagie',35,'Comedy','luctus et ultrices posuere cubilia curae donec pharetra magna vestibulum aliquet ultrices erat tortor sollicitudin','2020-03-21'),(2061,'Hilll-Sipes','Judicaรซl',28,'Documentary','dictumst aliquam augue quam sollicitudin vitae consectetuer eget rutrum at lorem integer tincidunt','2019-12-19'),(2062,'Steuber and Sons','Gaรซlle',64,'Children','mi integer ac neque duis bibendum morbi non quam nec dui luctus rutrum nulla tellus in sagittis dui vel nisl','2020-10-01'),(2063,'Schoen, Rogahn and Pouros','Ocรฉanne',83,'Horror','vel pede morbi porttitor lorem id ligula suspendisse ornare consequat lectus in est risus auctor sed','2020-08-07'),(2064,'Connelly LLC','Sรฉverine',5,'Horror','augue vestibulum ante ipsum primis in faucibus orci luctus et ultrices','2020-04-07'),(2065,'Upton LLC','Lorรจne',29,'Crime','vehicula condimentum curabitur in libero ut massa volutpat convallis morbi odio odio elementum eu interdum','2020-08-03'),(2066,'Kunde, Durgan and Kassulke','Rachรจle',16,'Thriller','volutpat sapien arcu sed augue aliquam erat volutpat in congue etiam justo etiam pretium iaculis justo in hac habitasse','2020-10-29'),(2067,'Herman-Shanahan','Laurรจne',62,'Children','sed tristique in tempus sit amet sem fusce consequat nulla nisl nunc nisl duis bibendum felis sed interdum venenatis turpis','2020-08-08'),(2068,'Hahn, McLaughlin and Schmitt','Aurรฉlie',74,'Drama','nulla eget eros elementum pellentesque quisque porta volutpat erat quisque erat','2020-06-12'),(2069,'Kuhlman, Deckow and Rempel','Crรฉรฉz',39,'Drama','ipsum praesent blandit lacinia erat vestibulum sed magna at nunc commodo placerat praesent blandit nam nulla integer pede','2020-08-07'),(2070,'Mayer LLC','Zoรฉ',15,'Horror','commodo placerat praesent blandit nam nulla integer pede justo lacinia','2020-02-17'),(2071,'Sporer LLC','Maรฏlys',22,'Children','mollis molestie lorem quisque ut erat curabitur gravida nisi at nibh in hac habitasse platea dictumst','2020-04-10'),(2072,'Heller-Jacobi','Lysรฉa',74,'Children','quam sapien varius ut blandit non interdum in ante vestibulum ante ipsum primis in faucibus orci luctus et ultrices posuere','2020-07-28'),(2073,'McLaughlin and Sons','Mรฉlia',86,'Horror','elementum pellentesque quisque porta volutpat erat quisque erat eros viverra eget congue eget semper rutrum nulla nunc purus','2020-05-29'),(2074,'King-MacGyver','Desirรฉe',68,'Documentary','odio curabitur convallis duis consequat dui nec nisi volutpat eleifend donec ut dolor morbi','2020-05-26'),(2075,'Walter Group','Mรฉlys',73,'Fantasy','arcu sed augue aliquam erat volutpat in congue etiam justo etiam pretium iaculis justo in hac habitasse platea dictumst etiam','2020-07-09'),(2076,'Rolfson-Zulauf','Kallistรฉ',94,'Crime','a pede posuere nonummy integer non velit donec diam neque','2020-09-12'),(2077,'Christiansen Inc','Mรคrta',80,'Crime','eleifend pede libero quis orci nullam molestie nibh in lectus pellentesque','2020-06-24'),(2078,'Stamm, Nolan and Luettgen','Loรฏca',63,'Horror','luctus nec molestie sed justo pellentesque viverra pede ac diam cras pellentesque volutpat dui maecenas','2020-08-16'),(2079,'Brown LLC','Wรก',65,'Crime','viverra dapibus nulla suscipit ligula in lacus curabitur at ipsum ac tellus','2020-08-31'),(2080,'Schaden Group','Inรจs',55,'Drama','luctus rutrum nulla tellus in sagittis dui vel nisl duis ac nibh fusce lacus purus aliquet at','2020-04-21'),(2081,'Turcotte LLC','Valรฉrie',53,'Musical','suscipit nulla elit ac nulla sed vel enim sit amet nunc viverra dapibus nulla','2019-12-14'),(2082,'Satterfield-Marquardt','Estรจve',53,'Drama','felis fusce posuere felis sed lacus morbi sem mauris laoreet ut rhoncus aliquet pulvinar sed nisl nunc rhoncus','2020-03-02'),(2083,'Koss Group','Bรฉatrice',75,'Fantasy','id mauris vulputate elementum nullam varius nulla facilisi cras non velit nec nisi vulputate nonummy','2020-07-04'),(2084,'Hettinger-Langworth','Clรฉopatre',96,'Drama','dui vel nisl duis ac nibh fusce lacus purus aliquet at feugiat non pretium quis lectus suspendisse potenti in','2019-12-20'),(2085,'Kozey Group','Tรกng',63,'Horror','accumsan tortor quis turpis sed ante vivamus tortor duis mattis egestas','2020-08-12'),(2086,'Spinka-McKenzie','Lรฉane',1,'Comedy','nibh quisque id justo sit amet sapien dignissim vestibulum vestibulum ante ipsum primis in faucibus orci luctus','2020-06-16'),(2087,'Gerlach and Sons','Andrรฉe',1,'Comedy','pretium iaculis justo in hac habitasse platea dictumst etiam faucibus cursus urna ut tellus nulla ut erat id','2020-08-31'),(2088,'Shanahan-Jerde','Cรฉline',71,'Horror','tristique est et tempus semper est quam pharetra magna ac consequat','2019-11-19'),(2089,'Kshlerin Group','Mรฉlys',71,'Fantasy','ultricies eu nibh quisque id justo sit amet sapien dignissim vestibulum vestibulum ante ipsum primis','2020-09-22'),(2090,'Sanford, Hackett and Hand','Tรกng',53,'Crime','elit ac nulla sed vel enim sit amet nunc viverra','2020-11-09'),(2091,'Auer Group','Clรฉopatre',39,'Horror','vel pede morbi porttitor lorem id ligula suspendisse ornare consequat lectus in est','2020-06-09'),(2092,'Auer-Stark','Clรฉmence',12,'Thriller','nunc rhoncus dui vel sem sed sagittis nam congue risus semper porta volutpat quam pede lobortis ligula','2020-01-04'),(2093,'O\'Hara, Baumbach and Ziemann','Estรฉe',45,'Fantasy','duis faucibus accumsan odio curabitur convallis duis consequat dui nec nisi volutpat eleifend donec ut dolor morbi vel','2020-07-15'),(2094,'Feeney, Kutch and Jones','Desirรฉe',33,'Thriller','cras pellentesque volutpat dui maecenas tristique est et tempus semper est quam pharetra magna ac','2020-08-07'),(2095,'Dach, Kulas and Skiles','Cรฉcile',47,'Horror','ante ipsum primis in faucibus orci luctus et ultrices posuere cubilia curae nulla dapibus dolor vel est donec odio justo','2020-11-07'),(2096,'Abernathy LLC','Aurรฉlie',53,'Horror','risus dapibus augue vel accumsan tellus nisi eu orci mauris lacinia sapien quis libero nullam sit amet turpis elementum','2020-09-14'),(2097,'Trantow Inc','Andrรฉa',80,'Thriller','eu magna vulputate luctus cum sociis natoque penatibus et magnis','2020-01-19'),(2098,'Kemmer, Kuphal and Gulgowski','Intรฉressant',3,'Documentary','eget rutrum at lorem integer tincidunt ante vel ipsum praesent blandit lacinia erat vestibulum','2019-12-27'),(2099,'Johnson LLC','Tรกn',43,'Thriller','vivamus vestibulum sagittis sapien cum sociis natoque penatibus et magnis dis parturient','2020-05-18');
/*!40000 ALTER TABLE `podcast` ENABLE KEYS */;
UNLOCK TABLES;

--
-- Table structure for table `premium`
--

DROP TABLE IF EXISTS `premium`;
/*!40101 SET @saved_cs_client     = @@character_set_client */;
/*!40101 SET character_set_client = utf8 */;
CREATE TABLE `premium` (
  `Spotify_username` varchar(16) NOT NULL,
  `date_join` date NOT NULL,
  `duration` int(11) NOT NULL,
  PRIMARY KEY (`Spotify_username`),
  CONSTRAINT `FK_user_data_premium` FOREIGN KEY (`Spotify_username`) REFERENCES `user_data` (`Spotify_username`) ON UPDATE CASCADE
) ENGINE=InnoDB DEFAULT CHARSET=latin1;
/*!40101 SET character_set_client = @saved_cs_client */;

--
-- Dumping data for table `premium`
--

LOCK TABLES `premium` WRITE;
/*!40000 ALTER TABLE `premium` DISABLE KEYS */;
INSERT INTO `premium` (`Spotify_username`, `date_join`, `duration`) VALUES ('abaglan6e','2020-01-14',69),('abanat48','2020-10-01',65),('ablood6m','2020-01-31',224),('abouch1y','2020-06-16',74),('abrake35','2019-12-06',71),('abroseke7t','2020-07-16',299),('acutforth1k','2020-09-22',298),('adicker30','2020-02-28',131),('aerrington82','2020-07-29',28),('aflasby5t','2020-06-16',38),('agaiger6f','2020-04-03',202),('agoodsell6z','2020-09-27',26),('agot4l','2020-09-15',42),('ahaddinton20','2020-01-08',164),('ajuza2s','2020-06-06',250),('akenforth39','2020-06-15',46),('aloblie8r','2020-08-12',80),('aloveland44','2020-10-01',26),('alumsdall2o','2020-02-06',247),('amacparlan7q','2020-11-03',210),('amullenr','2020-03-24',277),('amundford2p','2019-11-29',116),('aodowne2d','2020-09-20',175),('aparkman6q','2020-11-02',155),('apirdy3g','2020-01-30',5),('arolls19','2019-12-02',78),('asettle1q','2020-07-02',32),('aspadeck2b','2020-07-22',5),('avalerio63','2020-02-07',30),('awhitrod1l','2020-08-18',263),('awickliffe6y','2020-08-21',260),('awilbraham7u','2020-11-04',28),('bbeaman2e','2020-09-03',125),('bcopins2j','2020-05-18',297),('bdrews1w','2020-05-09',53),('bemanulsson1t','2020-10-20',138),('bferreiro3h','2020-02-07',119),('bhalahan14','2020-03-27',196),('bhamshaw7w','2019-11-14',23),('bhulmes43','2020-02-01',30),('bjailler11','2020-09-10',60),('bklimczak6v','2020-10-29',54),('bmardall0','2020-05-09',41),('bmazella1g','2019-12-26',157),('bmepham34','2020-05-08',198),('bmoodie7l','2020-07-17',61),('bnoyce1u','2020-05-09',17),('bparlatt8','2020-02-10',193),('bseakings3o','2020-03-05',116),('btout54','2020-10-22',279),('bwoodhallc','2020-01-08',68),('bzavattero2k','2019-11-16',147),('candreini83','2019-12-31',93),('ccollocott57','2019-12-10',8),('cdandy6g','2020-01-03',131),('cfabler7v','2020-07-12',262),('cferretti7d','2019-11-24',58),('cfrosdickg','2020-02-26',54),('cglowacki3i','2020-09-23',257),('cgrogor23','2020-05-12',109),('chakeworthy','2019-11-19',155),('civic45','2020-08-03',113),('cklulisek2l','2019-12-07',28),('cmarriott7j','2020-01-19',4),('cmartinson4w','2019-12-02',112),('cnugent42','2020-01-07',218),('cpedgrift2m','2020-07-10',285),('cpedreschi4o','2020-07-07',265),('cphippen3q','2020-08-06',247),('cpugh12','2020-04-11',237),('cradborne8g','2020-01-09',85),('creaney8a','2020-04-25',112),('creinisch3n','2020-10-15',138),('croskeilly7p','2019-12-18',235),('crush5e','2020-05-28',238),('cselby5r','2020-07-15',116),('cstanney3z','2020-08-27',35),('ctimny17','2020-10-05',175),('cwallentin1m','2020-10-21',28),('cwyson62','2020-08-23',183),('dalway85','2019-12-29',205),('dbrazener86','2020-02-15',259),('dcaen29','2020-05-18',130),('dcrissil5l','2019-11-14',11),('ddake13','2019-12-17',183),('ddiviney15','2020-04-16',284),('dfleg7z','2019-12-20',133),('dgierkeb','2020-02-11',112),('dgilbey55','2020-02-25',196),('dgoodlake7c','2020-08-09',127),('dhappert6d','2020-02-14',110),('dhastewell21','2019-11-17',146),('dimas30','2020-05-19',162),('dlissett8e','2020-03-29',89),('dmaskelyne72','2020-03-15',267),('dmcgray2x','2019-12-09',31),('dmcleary4i','2019-11-20',209),('dnarup1f','2020-10-05',20),('dtimletts','2020-10-16',74),('dvedstra8w','2019-12-17',275),('dyarker80','2020-07-23',160),('eblincko1v','2020-05-26',79),('ebucknell4m','2020-07-31',32),('echateletp','2020-06-24',48),('eewell7a','2019-11-28',54),('egawthorped','2020-05-04',99),('ekittles76','2020-02-13',120),('eluke2c','2020-05-14',122),('eschoffler18','2020-10-04',161),('eselliman6o','2020-04-18',290),('esims58','2020-08-30',273),('esleaford7n','2020-05-10',188),('etremberth5p','2020-06-17',274),('ezoucho','2020-11-04',66),('fclerk1o','2020-01-24',283),('fcoules6s','2020-10-23',216),('fdillingstone3y','2020-04-01',147),('fernaldi21','2020-05-17',162),('fmartinson4p','2020-02-26',92),('fmathouse78','2020-04-09',265),('fmebiusv','2020-06-11',225),('fpeirpoint4a','2020-09-07',185),('fsimonson9','2020-03-25',11),('ftilbury4t','2020-01-03',129),('fweems3w','2019-11-22',247),('gdenecamp3a','2020-10-18',73),('gdumphries59','2020-01-08',288),('gfriesz','2020-02-04',129),('ghallgate3b','2020-10-18',185),('ghanwell6n','2020-09-16',216),('ghudspithj','2020-06-21',153),('gkeyson32','2019-11-28',272),('gkwietek7o','2020-10-04',168),('glearie75','2020-07-13',2),('glonginan','2020-07-06',193),('gmandifield70','2020-04-18',118),('gmeasor60','2020-06-23',94),('gminihan8y','2020-08-18',29),('gpattingtonh','2019-12-13',243),('gpienk','2020-05-23',14),('gsharp8t','2020-03-23',268),('gspiers3v','2019-11-20',11),('gtrahmel1b','2020-04-23',299),('hacutt5s','2020-03-19',50),('hbattie8m','2020-10-15',132),('hcostell31','2020-03-01',94),('hhubber24','2020-03-25',39),('hmabe8f','2020-05-17',200),('hpavlenko49','2020-10-20',99),('hrothert3u','2020-08-10',49),('hsheddan7m','2020-03-07',232),('htedorenko5c','2019-11-18',264),('iarundale1s','2020-03-04',198),('ieallisx','2020-03-06',126),('ifosdike3m','2020-10-27',239),('imcpheat4d','2020-06-06',62),('imechan7h','2020-03-02',190),('itant6b','2019-12-06',254),('jantuoni8d','2020-05-30',30),('jbaldcock1z','2019-12-03',118),('jbax74','2020-06-01',103),('jcuff8x','2020-03-04',20),('jeddowes3x','2020-08-10',53),('jferie33','2020-05-25',157),('jgracey69','2020-09-29',114),('jkite10','2020-09-12',149),('jkleinstern65','2019-12-11',52),('jlombardo73','2020-09-13',89),('jpendall5q','2019-12-30',194),('jpoynterq','2020-02-11',218),('jrayer8s','2020-01-30',159),('jshemelt47','2020-06-16',219),('jsilcock8i','2019-12-28',174),('jswansbury2a','2019-12-26',275),('jtitchen77','2020-01-21',295),('kbelsey3d','2020-09-18',42),('kbuyers79','2020-06-03',14),('kcaldes64','2020-04-06',134),('kclemsonf','2020-02-07',252),('kcurnok5v','2020-01-13',268),('kding1p','2020-06-02',277),('kgerdes4c','2020-03-09',112),('kghidelli5k','2020-10-20',42),('kharrington6k','2020-08-30',92),('khulme6h','2020-03-23',14),('kmcgloughlin1','2020-05-28',252),('kneward5z','2020-05-26',124),('konraet88','2020-09-08',182),('kseston4j','2019-12-10',150),('kshallcrass5i','2020-07-18',159),('ktargetter6t','2020-10-20',158),('ktassell2h','2020-04-21',290),('ktow5d','2020-07-01',42),('kyushankin3f','2020-06-23',24),('lbrimham3k','2019-11-14',280),('lbrunia','2020-02-18',87),('lcanavan4k','2020-03-26',147),('lcavnor8v','2020-05-20',60),('lcollacombe4g','2020-08-01',268),('lcullnean6j','2020-09-04',107),('lfashion87','2020-09-28',13),('lharp2n','2020-06-03',276),('lhearty6w','2020-01-13',70),('llamswood6p','2019-12-04',202),('lnaden53','2019-11-28',185),('lovene','2020-03-22',202),('lpadula36','2020-10-03',170),('lphythean4h','2019-12-26',160),('lratcliffe3j','2020-07-22',165),('lriccione6u','2020-02-26',264),('lsillito4q','2019-12-22',92),('lwiseman1a','2019-11-14',205),('mcathenod4s','2020-07-22',244),('mcollopy71','2020-05-18',278),('mcraig3p','2020-10-19',122),('mdougharty5w','2020-05-09',175),('mdusting5u','2020-06-28',35),('measterfield28','2020-07-09',153),('melwyn5h','2020-02-10',288),('mgodspede26','2019-12-26',135),('mhallor67','2020-04-10',287),('mhandsheart7','2020-07-27',160),('mhurrant','2020-09-18',276),('mkiely4v','2020-03-07',200),('mkindell5j','2020-03-31',108),('mkoppell','2020-10-20',245),('mleere8j','2020-02-26',199),('mmacmorland6a','2020-10-08',17),('mmartschke27','2020-10-28',246),('mmunslow4e','2020-09-09',16),('mriall1h','2020-10-02',160),('mshirlaw2t','2020-04-12',49),('msilber16','2020-03-06',205),('msweeny8l','2020-01-09',245),('mtomczykiewicz2y','2020-02-08',137),('mtrowler1j','2020-10-29',266),('mtunsley7y','2020-10-09',175),('mvillaret2r','2020-11-05',5),('mwayman5m','2020-09-27',184),('mwaywell4x','2020-08-08',266),('nforbear5a','2020-08-29',52),('ngergely6i','2020-07-04',28),('nhorney6l','2020-01-09',157),('nkull3r','2020-04-08',46),('nlenard37','2020-07-30',30),('odudbridge2','2020-03-24',83),('oloudianm','2019-11-30',239),('oskures5b','2020-01-31',70),('palster1e','2020-10-01',285),('pbarg1n','2020-02-27',69),('pbrastead8q','2019-11-12',129),('pdecruse6x','2019-11-22',237),('pdugmore8p','2020-04-02',256),('pdumigan8h','2019-12-30',288),('phousin52','2020-07-18',18),('phumblestone1r','2020-08-23',93),('phyndley2f','2020-01-13',255),('pjeandon1c','2020-07-15',206),('preeds7e','2020-03-12',141),('prookesby5g','2020-09-10',123),('pstitwell4f','2020-08-13',29),('psturton5f','2020-06-08',293),('pwashbrooku','2020-09-18',172),('pyakovich50','2019-11-30',57),('rallibon3t','2020-06-09',103),('rbernardo68','2020-10-20',231),('rdelves46','2020-11-03',99),('rdeniset81','2020-06-24',248),('rdjorvic3e','2020-07-30',85),('rfarncombe7g','2020-06-24',270),('rfarrington5','2020-06-03',289),('rgallant8u','2020-06-07',159),('rgoncaves3','2020-09-13',130),('rhallen4b','2019-12-21',120),('rhasell8k','2020-01-23',140),('rhixson66','2020-03-08',262),('rkeys7r','2019-12-12',93),('rpinilla8b','2020-01-23',263),('rpoznanski4u','2020-10-15',44),('rrickets7f','2020-05-01',246),('rsheards8c','2020-04-06',196),('rstorer22','2020-06-01',292),('rtomei7i','2020-06-12',2),('sbexon4y','2020-05-03',273),('sbithany7b','2020-11-01',145),('sbrunner1x','2020-04-21',121),('scajkler56','2020-10-20',174),('scarnegie89','2019-11-26',182),('sdufore2q','2020-09-21',73),('sgovieri','2019-12-07',165),('shurran4z','2020-05-15',79),('silyenko2u','2020-07-14',145),('skibbe7k','2020-11-02',104),('slabitt5n','2020-10-08',18),('smcjerrow1d','2020-06-24',85),('sriglesford6','2020-06-08',31),('sscripturew','2020-06-05',183),('sshelborne2g','2020-01-08',246),('ssomerscales25','2020-07-27',24),('swhipp6c','2019-12-01',140),('syurinov3s','2020-05-29',95),('tborghese8o','2020-08-31',252),('tcollocott3l','2020-05-15',116),('teisak5x','2019-11-30',220),('tgullefant4r','2020-10-27',45),('tloffill2i','2020-01-29',161),('tmarrows1i','2020-03-08',249),('toshesnan5o','2020-10-21',141),('tpichmann41','2020-07-01',104),('tsteggals2w','2020-03-12',129),('ttockell6r','2020-03-04',285),('TuanYon','2020-05-18',162),('vakker4','2020-07-15',77),('vbrahams7x','2020-06-12',107),('vcassey2z','2020-11-05',117),('vgamwell2v','2019-12-14',296),('vhansie51','2020-11-10',152),('vkleine7s','2020-09-02',243),('vprovis38','2019-12-31',221),('vrudman84','2020-01-10',205),('vsanders3c','2020-09-15',52),('wmerryfield8n','2020-08-29',182),('wohenery61','2020-04-01',115),('zleyrroyd4n','2019-11-26',174),('zridgwell40','2020-05-29',205);
/*!40000 ALTER TABLE `premium` ENABLE KEYS */;
UNLOCK TABLES;

--
-- Table structure for table `produces_podcast`
--

DROP TABLE IF EXISTS `produces_podcast`;
/*!40101 SET @saved_cs_client     = @@character_set_client */;
/*!40101 SET character_set_client = utf8 */;
CREATE TABLE `produces_podcast` (
  `Podcast_ID` int(11) NOT NULL,
  `Artist_ID` int(11) NOT NULL,
  PRIMARY KEY (`Podcast_ID`,`Artist_ID`),
  KEY `FK_ArtistID` (`Artist_ID`),
  CONSTRAINT `FK_ArtistID` FOREIGN KEY (`Artist_ID`) REFERENCES `artist` (`Artist_ID`) ON UPDATE CASCADE,
  CONSTRAINT `FK_PodcastID` FOREIGN KEY (`Podcast_ID`) REFERENCES `podcast` (`Podcast_ID`) ON UPDATE CASCADE
) ENGINE=InnoDB DEFAULT CHARSET=latin1;
/*!40101 SET character_set_client = @saved_cs_client */;

--
-- Dumping data for table `produces_podcast`
--

LOCK TABLES `produces_podcast` WRITE;
/*!40000 ALTER TABLE `produces_podcast` DISABLE KEYS */;
INSERT INTO `produces_podcast` (`Podcast_ID`, `Artist_ID`) VALUES (2000,1000),(2001,1001),(2002,1002),(2003,1003),(2004,1004),(2005,1005),(2006,1006),(2007,1007),(2008,1008),(2009,1009),(2010,1010),(2011,1011),(2012,1012),(2013,1013),(2014,1014),(2015,1015),(2016,1016),(2017,1017),(2018,1018),(2019,1019),(2020,1020),(2021,1021),(2022,1022),(2023,1023),(2024,1024),(2025,1025),(2026,1026),(2027,1027),(2028,1028),(2029,1029),(2030,1030),(2031,1031),(2032,1032),(2033,1033),(2034,1034),(2035,1035),(2036,1036),(2037,1037),(2038,1038),(2039,1039),(2040,1040),(2041,1041),(2042,1042),(2043,1043),(2044,1044),(2045,1045),(2046,1046),(2047,1047),(2048,1048),(2049,1049),(2050,1050),(2051,1051),(2052,1052),(2053,1053),(2054,1054),(2055,1055),(2056,1056),(2057,1057),(2058,1058),(2059,1059),(2060,1060),(2061,1061),(2062,1062),(2063,1063),(2064,1064),(2065,1065),(2066,1066),(2067,1067),(2068,1068),(2069,1069),(2070,1070),(2071,1071),(2072,1072),(2073,1073),(2074,1074),(2075,1075),(2076,1076),(2077,1077),(2078,1078),(2079,1079),(2080,1080),(2081,1081),(2082,1082),(2083,1083),(2084,1084),(2085,1085),(2086,1086),(2087,1087),(2088,1088),(2089,1089),(2090,1090),(2091,1091),(2092,1092),(2093,1093),(2094,1094),(2095,1095),(2096,1096),(2097,1097),(2098,1098),(2099,1099);
/*!40000 ALTER TABLE `produces_podcast` ENABLE KEYS */;
UNLOCK TABLES;

--
-- Table structure for table `produces_song`
--

DROP TABLE IF EXISTS `produces_song`;
/*!40101 SET @saved_cs_client     = @@character_set_client */;
/*!40101 SET character_set_client = utf8 */;
CREATE TABLE `produces_song` (
  `Song_ID` int(11) NOT NULL,
  `Artist_ID` int(11) NOT NULL,
  PRIMARY KEY (`Song_ID`,`Artist_ID`),
  KEY `FK_ProducesSong_ArtistID` (`Artist_ID`),
  CONSTRAINT `FK_ProducesSong_ArtistID` FOREIGN KEY (`Artist_ID`) REFERENCES `artist` (`Artist_ID`) ON UPDATE CASCADE,
  CONSTRAINT `FK_ProducesSong_SongID` FOREIGN KEY (`Song_ID`) REFERENCES `song` (`Song_ID`) ON UPDATE CASCADE
) ENGINE=InnoDB DEFAULT CHARSET=latin1;
/*!40101 SET character_set_client = @saved_cs_client */;

--
-- Dumping data for table `produces_song`
--

LOCK TABLES `produces_song` WRITE;
/*!40000 ALTER TABLE `produces_song` DISABLE KEYS */;
INSERT INTO `produces_song` (`Song_ID`, `Artist_ID`) VALUES (3000,1000),(3001,1001),(3002,1001),(3003,1001),(3004,1001),(3005,1001),(3006,1001),(3007,1001),(3008,1001),(3009,1001),(3010,1001),(3011,1001),(3011,1028),(3012,1002),(3013,1002),(3014,1002),(3015,1003),(3016,1003),(3016,1085),(3017,1004),(3018,1004),(3019,1004),(3020,1004),(3021,1004),(3022,1004),(3023,1004),(3024,1004),(3025,1005),(3025,1037),(3026,1006),(3027,1006),(3028,1006),(3029,1006),(3030,1010),(3031,1010),(3032,1007),(3033,1071),(3034,1011),(3034,1024),(3035,1011),(3036,1013),(3037,1013),(3038,1013),(3039,1013),(3040,1013),(3041,1013),(3042,1013),(3043,1013),(3044,1014),(3045,1014),(3046,1015),(3047,1015),(3048,1015),(3048,1027),(3049,1015),(3050,1015),(3051,1015),(3052,1015),(3053,1015),(3054,1015),(3054,1028),(3055,1016),(3056,1016),(3057,1016),(3058,1016),(3059,1016),(3060,1016),(3061,1016),(3062,1017),(3063,1017),(3064,1017),(3065,1017),(3066,1017),(3067,1018),(3068,1019),(3068,1022),(3068,1024),(3069,1021),(3070,1022),(3071,1022),(3072,1022),(3073,1022),(3074,1012),(3075,1024),(3076,1027),(3077,1027),(3078,1027),(3079,1027),(3080,1028),(3081,1028),(3082,1028),(3083,1028),(3084,1028),(3085,1028),(3086,1028),(3087,1029),(3088,1027),(3088,1032),(3089,1032),(3090,1026),(3091,1031),(3092,1034),(3093,1037),(3094,1038),(3095,1038),(3096,1038),(3097,1040),(3098,1040),(3099,1040),(3100,1041),(3101,1041),(3102,1041),(3103,1041),(3104,1042),(3105,1046),(3106,1041),(3107,1044),(3108,1044),(3109,1044),(3110,1044),(3111,1044),(3112,1076),(3113,1090),(3114,1065),(3115,1048),(3116,1048),(3117,1048),(3118,1047),(3119,1041),(3119,1047),(3120,1051),(3121,1051),(3122,1051),(3123,1051),(3124,1051),(3125,1051),(3126,1052),(3127,1052),(3128,1056),(3129,1056),(3130,1056),(3131,1056),(3132,1022),(3132,1056),(3133,1058),(3134,1059),(3135,1059),(3136,1059),(3137,1060),(3138,1060),(3139,1060),(3140,1060),(3141,1060),(3142,1060),(3143,1060),(3144,1066),(3145,1066),(3146,1066),(3147,1069),(3148,1069),(3149,1069),(3150,1069),(3151,1069),(3152,1022),(3152,1069),(3153,1069),(3153,1070),(3154,1070),(3155,1070),(3156,1070),(3157,1077),(3158,1077),(3159,1077),(3160,1081),(3161,1081),(3162,1081),(3163,1081),(3164,1081),(3165,1081),(3166,1082),(3167,1087),(3168,1087),(3169,1089),(3170,1089),(3171,1098),(3172,1098),(3173,1098),(3174,1072),(3175,1088),(3176,1088),(3177,1088),(3178,1088),(3179,1088),(3180,1088),(3181,1092),(3182,1092),(3183,1085),(3184,1085),(3185,1085),(3186,1085),(3187,1083),(3188,1083),(3189,1083),(3190,1083);
/*!40000 ALTER TABLE `produces_song` ENABLE KEYS */;
UNLOCK TABLES;

--
-- Table structure for table `song`
--

DROP TABLE IF EXISTS `song`;
/*!40101 SET @saved_cs_client     = @@character_set_client */;
/*!40101 SET character_set_client = utf8 */;
CREATE TABLE `song` (
  `Song_ID` int(11) NOT NULL,
  `Song_Title` varchar(255) NOT NULL,
  `Duration` time NOT NULL,
  `Genre` varchar(20) NOT NULL,
  `DateofRelease` date NOT NULL,
  PRIMARY KEY (`Song_ID`)
) ENGINE=InnoDB DEFAULT CHARSET=latin1;
/*!40101 SET character_set_client = @saved_cs_client */;

--
-- Dumping data for table `song`
--

LOCK TABLES `song` WRITE;
/*!40000 ALTER TABLE `song` DISABLE KEYS */;
INSERT INTO `song` (`Song_ID`, `Song_Title`, `Duration`, `Genre`, `DateofRelease`) VALUES (3000,'Kangen Kamu','00:03:20','Pop','2018-09-23'),(3001,'The A Team','00:03:16','Acoustic','2011-08-12'),(3002,'Drunk','00:03:03','Acoustic','2011-07-30'),(3003,'Grade 8','00:03:00','Pop','2011-08-23'),(3004,'Castle on the Hill','00:03:45','Pop','2017-12-15'),(3005,'Dive','00:03:21','Pop','2017-11-09'),(3006,'Shape of You','00:03:20','Pop','2017-04-24'),(3007,'Perfect','00:03:53','Pop','2017-05-13'),(3008,'Photograph','00:03:33','Acoustic','2014-10-21'),(3009,'Thinking out Loud','00:03:08','Soft Rock','2014-07-23'),(3010,'One','00:03:38','Acoustic','2014-02-15'),(3011,'I Don\'t Care (with Justin Bieber)','00:03:13','Pop','2019-12-08'),(3012,'bitterlove','00:03:03','Indie','2018-03-12'),(3013,'fine today (Nanti Kita Cerita Tentang Hari Ini)','00:03:09','Acoustic','2019-06-01'),(3014,'Sudah - Story of Kale','00:03:23','Acoustic','2020-07-24'),(3015,'Closer','00:03:10','EDM','2018-08-06'),(3016,'Something Just Like This','00:03:14','EDM','2019-04-11'),(3017,'Live While Were Young','00:03:34','Pop','2012-06-14'),(3018,'Little Things','00:03:55','Acoustic','2012-01-27'),(3019,'Best Song Ever','00:03:58','Pop','2013-07-10'),(3020,'Story of My Life','00:03:46','Acoustic','2013-11-08'),(3021,'Steal My Girl','00:03:17','Pop','2014-10-06'),(3022,'Night Changes','00:03:53','Acoustic','2014-10-14'),(3023,'Drag Me Down','00:03:26','Pop','2015-01-16'),(3024,'History','00:03:28','Pop','2015-10-18'),(3025,'Scared to Be Lonely','00:03:32','EDM','2018-09-11'),(3026,'I Like Me Better','00:03:39','Pop','2018-06-09'),(3027,'im so tired...','00:03:43','Pop','2019-02-09'),(3028,'comethru','00:03:54','Pop','2018-07-18'),(3029,'all the kids are depressed','00:03:44','Pop','2018-07-09'),(3030,'Numb','00:03:01','Rock','2000-05-04'),(3031,'Fly Me To The Mars','00:03:21','RnB','2007-05-10'),(3032,'Space Jam','00:03:21','Jazz','2008-12-26'),(3033,'Sad','00:03:34','Rock','2020-11-11'),(3034,'Boy With Luv (feat. Halsey)','00:03:27','Pop','2020-02-12'),(3035,'Dynamite','00:03:02','Pop','2020-09-08'),(3036,'Red','00:03:17','Country','2012-09-03'),(3037,'22','00:03:14','Country','2012-09-02'),(3038,'Blank Space','00:03:49','Pop','2014-03-10'),(3039,'Bad Blood','00:03:39','Pop','2014-10-10'),(3040,'End Game','00:03:26','Pop','2017-01-01'),(3041,'Delicate','00:03:07','Pop','2017-12-01'),(3042,'the 1','00:03:41','Indie','2019-02-12'),(3043,'cardigan','00:03:42','Indie','2019-11-05'),(3044,'Have Fun','00:03:43','Pop','2011-09-17'),(3045,'Sampai Jumpa','00:03:34','Pop','2014-03-22'),(3046,'Almost Is Never Enough','00:03:05','Acoustic','2013-09-24'),(3047,'One Last Time','00:03:24','Pop','2014-04-08'),(3048,'Break Free','00:03:14','EDM','2014-08-04'),(3049,'My Everything','00:03:33','Acoustic','2014-04-17'),(3050,'breathin','00:03:38','Pop','2018-05-11'),(3051,'7 rings','00:03:23','RnB','2019-12-09'),(3052,'thank u, next','00:03:48','RnB','2019-02-19'),(3053,'positions','00:03:42','RnB','2020-05-12'),(3054,'Stuck with U (with Justin Bieber)','00:03:43','Pop','2020-06-07'),(3055,'Daydreamer','00:03:30','Pop','2008-08-13'),(3056,'Rolling in the Deep','00:03:36','RnB','2011-11-08'),(3057,'Set Fire to the Rain','00:03:33','Pop','2011-07-03'),(3058,'Someone Like You','00:03:03','Indie','2011-08-02'),(3059,'Hello','00:03:00','RnB','2015-05-01'),(3060,'When We Were Young','00:03:13','Pop','2015-07-03'),(3061,'All I Ask','00:03:50','Pop','2015-04-10'),(3062,'Grenade','00:03:53','Pop','2010-05-24'),(3063,'The Lazy Song','00:03:35','Pop','2010-09-15'),(3064,'Treasure','00:03:53','Pop','2012-08-06'),(3065,'Locked out of Heaven','00:03:14','Soft Rock','2012-03-03'),(3066,'24K Magic','00:03:38','Funk','2016-10-08'),(3067,'Time','00:03:20','Jazz','2004-12-25'),(3068,'Eastside (with Halsey & Khalid)','00:03:41','Pop','2015-07-17'),(3069,'Canon','00:03:04','Jazz','1998-10-04'),(3070,'Location','00:03:20','RnB','2017-08-29'),(3071,'Saturday Nights','00:03:49','RnB','2018-07-18'),(3072,'Better','00:03:50','RnB','2018-03-19'),(3073,'Paradise','00:03:11','Pop','2019-10-25'),(3074,'Sorrow','00:03:02','Jazz','2012-01-23'),(3075,'Without Me','00:03:56','RnB','2019-06-02'),(3076,'Clarity','00:03:56','EDM','2012-06-11'),(3077,'Stay The Night','00:03:43','EDM','2014-03-30'),(3078,'Beautiful Now','00:03:20','EDM','2014-08-26'),(3079,'True Colors','00:03:52','Rock','2015-02-05'),(3080,'Believe','00:03:04','Pop','2012-11-16'),(3081,'Heartbreaker','00:03:02','Pop','2014-05-11'),(3082,'What Do You Mean?','00:03:16','Hip hop','2015-05-07'),(3083,'Sorry','00:03:11','Pop','2015-05-01'),(3084,'Love Yourself','00:03:35','RnB','2015-04-28'),(3085,'All Around Me','00:03:47','RnB','2020-03-11'),(3086,'Yummy','00:03:08','Pop','2020-03-29'),(3087,'Light','00:03:57','Jazz','2001-11-17'),(3088,'Starving','00:03:32','EDM','2018-01-14'),(3089,'Let Me Go','00:03:42','EDM','2017-09-21'),(3090,'Outpost','00:03:33','Jazz','2002-10-23'),(3091,'Kompliziert','00:03:07','EDM','2018-12-26'),(3092,'Sun','00:03:07','Hip hop','2009-01-13'),(3093,'IDGAF','00:03:06','Soft Rock','2018-11-27'),(3094,'Day 1','00:03:19','Acoustic','2018-03-23'),(3095,'Location Unknown','00:03:46','RnB','2018-05-29'),(3096,'no song without you','00:03:10','RnB','2019-01-06'),(3097,'Party In The U.S.A.','00:03:51','Pop','2009-01-04'),(3098,'Liberty Walk','00:03:07','EDM','2010-01-31'),(3099,'Wrecking Ball','00:03:20','Rock','2013-09-26'),(3100,'Come & Get It','00:03:14','Pop','2013-02-20'),(3101,'Kill Em With Kindness','00:03:44','Pop','2015-07-09'),(3102,'Hands To Myself','00:03:33','RnB','2015-11-05'),(3103,'Lose You To Love Me','00:03:02','Acoustic','2020-07-22'),(3104,'Smile','00:03:13','Jazz','2014-10-31'),(3105,'Truth','00:03:13','Jazz','2009-12-21'),(3106,'Past Life','00:03:52','Soft Rock','2020-12-14'),(3107,'Just Dance','00:03:36','Soft Rock','2008-01-10'),(3108,'Million Reasons','00:03:43','Pop','2016-04-23'),(3109,'Joanne','00:03:30','Pop','2016-03-12'),(3110,'Shallow','00:03:42','Acoustic','2018-05-12'),(3111,'I\'ll Never Love Again','00:03:55','Acoustic','2018-04-06'),(3112,'Evelyn','00:03:27','RnB','2017-07-08'),(3113,'Rock It','00:03:35','Rock','1999-04-14'),(3114,'Party in L.A.','00:03:55','RnB','2017-02-22'),(3115,'Someone You Loved','00:03:40','Soft Rock','2019-03-14'),(3116,'Hold Me While You Wait','00:03:09','Pop','2019-05-07'),(3117,'Before You Go','00:03:40','Acoustic','2019-02-06'),(3118,'How You Like That','00:03:41','Hip hop','2020-12-30'),(3119,'Ice Cream (with Selena Gomez)','00:03:30','Hip hop','2020-03-06'),(3120,'Stay With Me','00:03:01','Pop','2014-07-01'),(3121,'I\'m Not The Only One','00:03:53','Pop','2014-09-12'),(3122,'Lay Me Down','00:03:45','Pop','2014-06-13'),(3123,'Too Good At Goodbyes','00:03:49','RnB','2017-04-25'),(3124,'Fire On Fire','00:03:54','Pop','2020-02-11'),(3125,'How Do You Sleep?','00:03:15','RnB','2020-02-21'),(3126,'Big Lie','00:03:47','Hip hop','2016-08-07'),(3127,'Better Now','00:03:35','Hip hop','2018-12-30'),(3128,'bad guy','00:03:36','Hip hop','2019-02-19'),(3129,'wish u were gay','00:03:00','RnB','2019-08-05'),(3130,'i love you','00:03:16','Pop','2019-08-11'),(3131,'everything i wanted','00:03:36','RnB','2005-05-21'),(3132,'lovely (with Khalid)','00:03:20','Acoustic','2006-03-31'),(3133,'Salute','00:03:38','Pop','2013-09-20'),(3134,'Glow Like Dat','00:03:45','Hip hop','2018-07-22'),(3135,'100 Degrees','00:03:58','Hip hop','2019-07-10'),(3136,'Dat $tick','00:03:05','Hip hop','2015-12-08'),(3137,'Makes Me Wonder','00:03:04','Pop','2007-09-21'),(3138,'Payphone','00:03:48','Pop','2012-05-04'),(3139,'Day Light','00:03:30','RnB','2012-12-30'),(3140,'Maps','00:03:05','Indie','2015-12-13'),(3141,'Animals','00:03:26','Pop','2015-11-22'),(3142,'Sugar','00:03:26','Acoustic','2015-09-13'),(3143,'Don\'t Wanna Know','00:03:48','Pop','2018-09-12'),(3144,'Whatever It Takes','00:03:04','Soft Rock','2017-10-13'),(3145,'Believer','00:03:14','Soft Rock','2017-06-11'),(3146,'Natural','00:03:10','Rock','2018-11-02'),(3147,'Stiches','00:03:02','Pop','2015-03-07'),(3148,'There\'s Nothing Holdin\' Me Back','00:03:13','Pop','2017-08-13'),(3149,'Treat You Better','00:03:42','Pop','2017-04-06'),(3150,'Mercy','00:03:53','Pop','2017-09-17'),(3151,'Lost In Japan','00:03:04','Pop','2019-10-16'),(3152,'Youth (feat. Khalid)','00:03:03','Acoustic','2019-01-02'),(3153,'Seรฑorita','00:03:21','RnB','2019-08-02'),(3154,'Never Be the Same','00:03:07','RnB','2018-07-11'),(3155,'Havana','00:03:39','Pop','2018-11-26'),(3156,'Liar','00:03:56','RnB','2019-03-08'),(3157,'Tak Ada Logika','00:03:35','Pop','2011-10-28'),(3158,'Janji - janji','00:03:50','Pop','2011-09-22'),(3159,'Damn I Love You','00:03:11','Funk','2017-10-24'),(3160,'Apalah (Arti Menunggu)','00:03:17','Pop','2011-01-19'),(3161,'Could It Be','00:03:12','Pop','2011-11-09'),(3162,'Teka Teki','00:03:09','RnB','2013-01-05'),(3163,'LDR','00:03:32','Acoustic','2013-06-12'),(3164,'Percayalah','00:03:21','RnB','2016-11-18'),(3165,'Jatuh Hati','00:03:24','Pop','2016-09-28'),(3166,'Kecewa','00:03:02','Pop','2017-02-27'),(3167,'Hampa','00:04:57','Pop','2011-10-24'),(3168,'Cinta Terakhir','00:03:47','Indie','2011-10-04'),(3169,'Tide','00:03:45','RnB','2020-09-25'),(3170,'Lowkey','00:03:15','RnB','2018-08-21'),(3171,'Rehat','00:03:58','Indie','2008-11-01'),(3172,'Sulung','00:04:57','Indie','2018-12-11'),(3173,'Pilu Membiru','00:03:49','Indie','2018-10-16'),(3174,'Secukupnya','00:04:32','Indie','2018-01-03'),(3175,'Walk The Talk','00:03:29','Indie','2017-04-04'),(3176,'Boy','00:03:53','Indie','2018-11-28'),(3177,'Sorry','00:03:59','Indie','2018-11-04'),(3178,'One Only','00:03:21','Indie','2018-12-17'),(3179,'Kenangan Manis','00:03:51','Indie','2018-01-19'),(3180,'I Love You but I\'m Letting Go','00:03:12','Indie','2018-12-12'),(3181,'LATHI','00:03:29','EDM','2020-01-28'),(3182,'Sweet Scar','00:03:40','EDM','2017-08-03'),(3183,'A Head Full of Dreans','00:03:00','Pop','2015-01-02'),(3184,'Hymn for the Weekend','00:03:56','RnB','2015-08-14'),(3185,'Everglow','00:03:18','Soft Rock','2015-11-26'),(3186,'Up&Up','00:03:24','RnB','2015-10-11'),(3187,'Craving','00:03:14','Soft Rock','2015-10-08'),(3188,'Hold Back The River','00:03:24','Soft Rock','2015-06-25'),(3189,'Let It GO','00:04:20','Soft Rock','2015-08-03'),(3190,'Us','00:03:01','Acoustic','2016-02-14');
/*!40000 ALTER TABLE `song` ENABLE KEYS */;
UNLOCK TABLES;

--
-- Table structure for table `song_language`
--

DROP TABLE IF EXISTS `song_language`;
/*!40101 SET @saved_cs_client     = @@character_set_client */;
/*!40101 SET character_set_client = utf8 */;
CREATE TABLE `song_language` (
  `Song_ID` int(11) NOT NULL,
  `Language` varchar(50) NOT NULL,
  PRIMARY KEY (`Song_ID`,`Language`),
  CONSTRAINT `FK_SongLanguage_SongID` FOREIGN KEY (`Song_ID`) REFERENCES `song` (`Song_ID`) ON UPDATE CASCADE
) ENGINE=InnoDB DEFAULT CHARSET=latin1;
/*!40101 SET character_set_client = @saved_cs_client */;

--
-- Dumping data for table `song_language`
--

LOCK TABLES `song_language` WRITE;
/*!40000 ALTER TABLE `song_language` DISABLE KEYS */;
INSERT INTO `song_language` (`Song_ID`, `Language`) VALUES (3000,'English'),(3000,'Indonesian'),(3001,'English'),(3001,'Spanish'),(3002,'English'),(3003,'English'),(3004,'English'),(3005,'English'),(3006,'English'),(3007,'English'),(3007,'Italian'),(3008,'English'),(3009,'English'),(3010,'English'),(3011,'English'),(3012,'English'),(3013,'English'),(3014,'Indonesian'),(3015,'English'),(3016,'English'),(3017,'English'),(3018,'English'),(3019,'English'),(3020,'English'),(3021,'English'),(3022,'English'),(3023,'English'),(3024,'English'),(3025,'English'),(3026,'English'),(3027,'English'),(3028,'English'),(3029,'English'),(3030,'English'),(3031,'English'),(3032,'Dutch'),(3032,'English'),(3033,'English'),(3034,'English'),(3034,'Korean'),(3035,'English'),(3035,'Korean'),(3036,'English'),(3037,'English'),(3038,'English'),(3039,'English'),(3040,'English'),(3041,'English'),(3042,'English'),(3043,'English'),(3044,'English'),(3045,'English'),(3045,'Indonesian'),(3046,'English'),(3047,'English'),(3048,'English'),(3049,'English'),(3050,'English'),(3051,'English'),(3052,'English'),(3053,'English'),(3054,'English'),(3055,'English'),(3056,'English'),(3057,'English'),(3058,'English'),(3059,'English'),(3060,'English'),(3061,'English'),(3062,'English'),(3063,'English'),(3064,'English'),(3065,'English'),(3066,'English'),(3067,'English'),(3068,'English'),(3069,'English'),(3070,'English'),(3071,'English'),(3072,'English'),(3073,'English'),(3074,'English'),(3074,'German'),(3075,'English'),(3076,'English'),(3077,'English'),(3078,'English'),(3079,'English'),(3080,'English'),(3081,'English'),(3082,'English'),(3083,'English'),(3084,'English'),(3085,'English'),(3086,'English'),(3087,'English'),(3088,'English'),(3089,'English'),(3090,'English'),(3091,'German'),(3092,'English'),(3093,'English'),(3094,'English'),(3095,'English'),(3096,'English'),(3097,'English'),(3098,'English'),(3099,'English'),(3100,'English'),(3101,'English'),(3102,'English'),(3103,'English'),(3104,'English'),(3104,'French'),(3105,'English'),(3106,'English'),(3107,'English'),(3108,'English'),(3109,'English'),(3110,'English'),(3111,'English'),(3112,'English'),(3113,'English'),(3114,'English'),(3115,'English'),(3116,'English'),(3117,'English'),(3118,'English'),(3119,'English'),(3120,'English'),(3121,'English'),(3122,'English'),(3123,'English'),(3124,'English'),(3125,'English'),(3126,'English'),(3127,'English'),(3128,'English'),(3129,'English'),(3130,'English'),(3131,'English'),(3132,'English'),(3133,'English'),(3134,'English'),(3135,'English'),(3136,'English'),(3137,'English'),(3138,'English'),(3139,'English'),(3140,'English'),(3141,'English'),(3142,'English'),(3143,'English'),(3144,'English'),(3145,'English'),(3146,'English'),(3147,'English'),(3148,'English'),(3149,'English'),(3150,'English'),(3151,'English'),(3151,'Japanese'),(3152,'English'),(3153,'English'),(3153,'Spanish'),(3154,'English'),(3155,'English'),(3155,'Spanish'),(3156,'English'),(3157,'Indonesian'),(3158,'Indonesian'),(3159,'English'),(3160,'Indonesian'),(3161,'English'),(3161,'Indonesian'),(3162,'Indonesian'),(3163,'English'),(3163,'Indonesian'),(3164,'Indonesian'),(3165,'Indonesian'),(3166,'Indonesian'),(3167,'Indonesian'),(3168,'Indonesian'),(3169,'English'),(3170,'English'),(3171,'Indonesian'),(3172,'Indonesian'),(3173,'English'),(3173,'Indonesian'),(3174,'Indonesian'),(3175,'English'),(3176,'English'),(3177,'English'),(3178,'English'),(3179,'Indonesian'),(3180,'English'),(3181,'English'),(3181,'Javanese'),(3182,'English'),(3183,'English'),(3184,'English'),(3185,'English'),(3186,'English'),(3187,'English'),(3188,'English'),(3189,'English'),(3190,'English');
/*!40000 ALTER TABLE `song_language` ENABLE KEYS */;
UNLOCK TABLES;

--
-- Table structure for table `student`
--

DROP TABLE IF EXISTS `student`;
/*!40101 SET @saved_cs_client     = @@character_set_client */;
/*!40101 SET character_set_client = utf8 */;
CREATE TABLE `student` (
  `Spotify_username` varchar(16) NOT NULL,
  `first_name` varchar(255) NOT NULL,
  `last_name` varchar(255) NOT NULL,
  `email_atschool` varchar(255) NOT NULL,
  `country_school` varchar(255) NOT NULL,
  `name_school` varchar(255) NOT NULL,
  PRIMARY KEY (`Spotify_username`),
  CONSTRAINT `FK_spotify_username_student` FOREIGN KEY (`Spotify_username`) REFERENCES `user_data` (`Spotify_username`)
) ENGINE=InnoDB DEFAULT CHARSET=latin1;
/*!40101 SET character_set_client = @saved_cs_client */;

--
-- Dumping data for table `student`
--

LOCK TABLES `student` WRITE;
/*!40000 ALTER TABLE `student` DISABLE KEYS */;
INSERT INTO `student` (`Spotify_username`, `first_name`, `last_name`, `email_atschool`, `country_school`, `name_school`) VALUES ('abaglan6e','Kristal','Dalby','kdalbyu@reference.com','Poland','Jรณzef Tyszkiewicz College of Business and Computer Science in Bielsko-Biala'),('ablood6m','Ewan','Patinkin','epatinkin12@spotify.com','China','Wuhan University of Hydraulic and Electric Engineering'),('abroseke7t','Ricardo','Steely','rsteely29@howstuffworks.com','Brazil','Universidade Estadual de Feira de Santana'),('aerrington82','Marven','Tivers','mtivers2i@comsenz.com','Reunion','Universitรฉ de la Reunion'),('aflasby5t','Stacee','Durnill','sdurnill9@nature.com','Indonesia','Universitas Pekalongan'),('agaiger6f','Nancy','MacTurlough','nmacturloughv@cbsnews.com','Pakistan','Newports Institute of Communication & Economics'),('agoodsell6z','Gunter','Wastling','gwastling1f@army.mil','Philippines','University of Asia and the Pacific'),('amacparlan7q','Pauli','Allbon','pallbon26@hud.gov','China','Southwest Jiaotong University'),('aparkman6q','Preston','Hegg','phegg16@dagondesign.com','Philippines','New Era University'),('avalerio63','Ned','Broadbury','nbroadburyj@about.me','Brazil','Faculdade Jaguariรบna'),('awickliffe6y','Rayna','Duffan','rduffan1e@latimes.com','Indonesia','Universitas HKBP Nommensen'),('awilbraham7u','Goldia','Weinham','gweinham2a@w3.org','Vietnam','Ho Chi Minh City University of Social Sciences and Humanities'),('bhamshaw7w','Darryl','Vaisey','dvaisey2c@nsw.gov.au','Bhutan','Royal University of Bhutan'),('bklimczak6v','Saul','Lowder','slowder1b@mashable.com','Argentina','Universidad Nacional de la Patagonia \"San Juan Bosco\"'),('bmoodie7l','Jacquenetta','Keightley','jkeightley21@shareasale.com','Philippines','Capitol University'),('candreini83','Blayne','Weldon','bweldon2j@dmoz.org','Indonesia','Universitas Methodist Indonesia'),('cdandy6g','Carolee','Klehyn','cklehynw@goo.gl','South Korea','Kongju National University of Education'),('cfabler7v','Elle','Rawcliff','erawcliff2b@elegantthemes.com','China','4th Military Medical University'),('cferretti7d','Iago','Wilce','iwilce1t@bloglines.com','Indonesia','Universitas Bojonegoro'),('chawsby5y','Feodor','Kelmere','fkelmeree@parallels.com','Philippines','Cagayan State University'),('cmarriott7j','Carolann','Packington','cpackington1z@e-recht24.de','Panama','Universidad de Panamรก'),('creaney8a','Marcie','Treffry','mtreffry2q@state.gov','Palestinian Territory','University College of Applied Sciences'),('croskeilly7p','Akim','Shipston','ashipston25@google.de','Armenia','Yerevan State University'),('cselby5r','Chiarra','Stockhill','cstockhill7@psu.edu','China','Hainan University'),('cwyson62','Bobbi','Schulke','bschulkei@microsoft.com','China','Dongbei University of Finance And Economics'),('dalway85','Ulises','Swash','uswash2l@virginia.edu','United States','University of California, San Francisco'),('dbrazener86','Berna','Matthias','bmatthias2m@mozilla.com','Laos','Soutsaka Institute of management and Technology'),('dcrissil5l','Jacky','Beat','jbeat1@facebook.com','China','Tianjin Open University'),('dfleg7z','Joyan','Philippsohn','jphilippsohn2f@accuweather.com','China','Hunan Normal University'),('dgoodlake7c','Elia','Krale','ekrale1s@qq.com','Thailand','Eastern Asia University'),('dhappert6d','Lura','Predohl','lpredohlt@ox.ac.uk','China','Harbin Normal University'),('dmaskelyne72','Rod','Hartopp','rhartopp1i@hp.com','Philippines','Central Luzon State University'),('dyarker80','Aldis','Walford','awalford2g@nsw.gov.au','Japan','Kunitachi College of Music'),('eewell7a','Constanta','Sumption','csumption1q@microsoft.com','Philippines','Arellano University'),('ekittles76','Sorcha','Hains','shains1m@bigcartel.com','Czech Republic','University of Education Hradec Kralove'),('eselliman6o','Garry','Timbs','gtimbs14@google.es','Philippines','Southwestern University'),('esleaford7n','Goldi','Opfer','gopfer23@tamu.edu','Indonesia','Universitas Pakuan'),('etremberth5p','Keary','Skirlin','kskirlin5@statcounter.com','Croatia','University of Pula'),('fcoules6s','Viki','Gionettitti','vgionettitti18@auda.org.au','China','Henan Univeristy'),('fmathouse78','Kerrill','Phizackerly','kphizackerly1o@baidu.com','Somalia','Sanaag University of Science and Technology'),('ghanwell6n','Emmit','Renny','erenny13@cbslocal.com','Gambia','EUCLID University'),('gkwietek7o','Doll','Downey','ddowney24@ft.com','Indonesia','Politeknik Negeri Semarang'),('glearie75','Cy','Abbotts','cabbotts1l@plala.or.jp','Russia','Bashkir State Medical University'),('gmandifield70','Blake','Linham','blinham1g@answers.com','Poland','Pedagogical University of Zielona Gora'),('gmeasor60','Mireille','Kesteven','mkesteveng@twitter.com','Tajikistan','Tajik Agrarian University'),('hacutt5s','Hunfredo','Tinton','htinton8@wikia.com','Ireland','University of Dublin, Trinity College'),('hsheddan7m','Emogene','Blois','eblois22@wordpress.org','Morocco','Universitรฉ Mohammed V - Souissi'),('imechan7h','Oralie','Wodeland','owodeland1x@squidoo.com','Ukraine','KROK Economics and Law University'),('itant6b','Winnah','Mepsted','wmepstedr@stumbleupon.com','China','Zhongshan University'),('jbax74','Grete','Ormshaw','gormshaw1k@adobe.com','Czech Republic','University of Veterinary and Pharmaceutical Science'),('jgracey69','Karoly','McElvogue','kmcelvoguep@clickbank.net','Ukraine','Lviv Polytechnic National University'),('jkleinstern65','Rebekkah','Luke','rlukel@cam.ac.uk','Indonesia','Universitas Ibn Khaldun Bogor'),('jlombardo73','Dulcie','Pocke','dpocke1j@theglobeandmail.com','Philippines','Mindanao State University - Iligan Institute of Technology'),('jpendall5q','Amerigo','Anning','aanning6@omniture.com','Japan','Wakayama Medical College'),('jtitchen77','Agnella','Sproston','asproston1n@amazon.com','Sweden','Stockholm Institute of Education'),('kbuyers79','Julina','Dot','jdot1p@answers.com','Albania','Epoka University'),('kcaldes64','Neal','Baumann','nbaumannk@npr.org','Philippines','Manuel S. Enverga University Foundation'),('kcurnok5v','Tera','Dooler','tdoolerb@hp.com','Serbia','Megatrend University of Applied Sciences'),('kghidelli5k','Lief','Eliff','leliff0@dion.ne.jp','Mexico','Universidad del Noroeste'),('kharrington6k','Edvard','Cauthra','ecauthra10@pbs.org','Indonesia','Universitas Sanata Dharma'),('khulme6h','Mayer','Downham','mdownhamx@nhs.uk','Indonesia','Politeknik Negeri Jakarta'),('kneward5z','Jarrod','Haggerty','jhaggertyf@simplemachines.org','Finland','Turku School of Economics and Business Administration'),('konraet88','Yves','Ojeda','yojeda2o@smh.com.au','China','Tibet University of Nationalities'),('ktargetter6t','Cacilia','Lambot','clambot19@un.org','New Zealand','University of Waikato'),('lcullnean6j','Eula','Philippson','ephilippsonz@bbc.co.uk','Bangladesh','Begum Rokeya University, Rangpur'),('lfashion87','Ad','McCormack','amccormack2n@biblegateway.com','Czech Republic','Technical University of Mining and Metallurgy Ostrava'),('lhearty6w','Cordell','Maria','cmaria1c@plala.or.jp','Argentina','Universidad de Buenos Aires'),('llamswood6p','Rutledge','Rebillard','rrebillard15@pbs.org','China','Chongqing Wenli University'),('lriccione6u','Sylas','Gisburne','sgisburne1a@sun.com','Brazil','EMESCAM - Escola Superior de Ciรชncias da Santa Casa de Misericรณrdia de Vitรณria'),('mcollopy71','Hattie','Meric','hmeric1h@buzzfeed.com','China','Liaoning University'),('mdougharty5w','Jeramey','Glencrash','jglencrashc@istockphoto.com','Thailand','Chiang Mai Rajabhat University'),('mdusting5u','Dulcine','Grigorescu','dgrigorescua@cnn.com','Netherlands','Zuyd University'),('mhallor67','Othilie','Lambkin','olambkinn@salon.com','China','Liaoning Normal University'),('mmacmorland6a','Ailina','Cressey','acresseyq@foxnews.com','Croatia','University of Zagreb'),('mtunsley7y','Taylor','Houtbie','thoutbie2e@moonfruit.com','United States','Reformed Bible College'),('mwayman5m','Deck','Goodyer','dgoodyer2@technorati.com','Portugal','Instituto Politรฉcnico de Leiria'),('ngergely6i','Helaine','Plewright','hplewrighty@cdbaby.com','China','Peking University'),('nhorney6l','Moe','Cullon','mcullon11@bloglines.com','Peru','Universidad Nacional Agraria La Molina'),('pdecruse6x','Johny','Longhorne','jlonghorne1d@umich.edu','Thailand','Thammasat University'),('preeds7e','Gordy','Ziehm','gziehm1u@list-manage.com','Estonia','University of Tartu'),('rbernardo68','Hershel','Crewther','hcrewthero@java.com','Yemen','University of Modern Sciences'),('rdeniset81','Danyelle','Scough','dscough2h@discuz.net','Portugal','Escola Superior de Hotelaria e Turismo do Estoril'),('rfarncombe7g','Marne','Shalloe','mshalloe1w@51.la','Sweden','Vรคxjรถ University'),('rhixson66','Julianna','Tayler','jtaylerm@berkeley.edu','Peru','Universidad Nacional de San Antonio Abad'),('rkeys7r','Em','Orr','eorr27@marketwatch.com','France','Ecole des Hautes Etudes Commerciales'),('rpinilla8b','Joelie','Davenell','jdavenell2r@kickstarter.com','Indonesia','Politeknik Negeri Malang'),('rrickets7f','Catlee','Pagin','cpagin1v@cnn.com','Iraq','Ishik University'),('rtomei7i','Thaxter','Bownd','tbownd1y@utexas.edu','China','Xinjiang University'),('sbithany7b','Free','Sherewood','fsherewood1r@uiuc.edu','Afghanistan','Kabul Medical University'),('scarnegie89','Eve','Crystal','ecrystal2p@4shared.com','Argentina','Universidad Nacional de La Pampa'),('skibbe7k','Bartel','Teggart','bteggart20@go.com','China','Northeast University at Qinhuangdao Campus'),('slabitt5n','Mariquilla','Pabst','mpabst3@yale.edu','Indonesia','Universitas Negeri Makassar'),('swhipp6c','Neils','Perrins','nperrinss@google.com','China','Chongqing Medical University'),('teisak5x','Aggy','Ferriby','aferribyd@hao123.com','Thailand','Burapha University'),('toshesnan5o','Deane','Gulleford','dgulleford4@amazon.co.jp','Philippines','University of Northern Philippines'),('ttockell6r','Beatriz','Baudesson','bbaudesson17@redcross.org','Palestinian Territory','Palestine Polytechnic University'),('TuanYon','Yon','Sama','TuanYon@gmail.com','Indonesia','Bandung Institute of Technology'),('vbrahams7x','Brandie','Verring','bverring2d@baidu.com','Canada','University College of the Fraser Valley'),('vkleine7s','Kimmie','Knapper','kknapper28@vistaprint.com','China','Chongqing Medical University'),('vrudman84','Helene','Crystal','hcrystal2k@wix.com','Indonesia','Universitas Katolik Widya Karya'),('wohenery61','Donni','Casarini','dcasarinih@skype.com','Sweden','Jรถnkรถping University College');
/*!40000 ALTER TABLE `student` ENABLE KEYS */;
UNLOCK TABLES;

--
-- Table structure for table `user_data`
--

DROP TABLE IF EXISTS `user_data`;
/*!40101 SET @saved_cs_client     = @@character_set_client */;
/*!40101 SET character_set_client = utf8 */;
CREATE TABLE `user_data` (
  `Spotify_username` varchar(16) NOT NULL,
  `Real_name` varchar(50) DEFAULT NULL,
  `Email_address` varchar(50) DEFAULT NULL,
  `Country` varchar(50) DEFAULT NULL,
  `Date_of_Birth` date DEFAULT NULL,
  `Gender` varchar(50) DEFAULT NULL,
  PRIMARY KEY (`Spotify_username`)
) ENGINE=InnoDB DEFAULT CHARSET=latin1;
/*!40101 SET character_set_client = @saved_cs_client */;

--
-- Dumping data for table `user_data`
--

LOCK TABLES `user_data` WRITE;
/*!40000 ALTER TABLE `user_data` DISABLE KEYS */;
INSERT INTO `user_data` (`Spotify_username`, `Real_name`, `Email_address`, `Country`, `Date_of_Birth`, `Gender`) VALUES ('abaglan6e','Ailee Rosevear','arosevear6e@cnn.com','Philippines','2000-01-28','Female'),('abanat48','Sargent Fassmann','sfassmann48@harvard.edu','Iraq','1990-01-10','Male'),('ablood6m','Del Lavers','dlavers6m@cnet.com','Portugal','1987-12-07','Female'),('abouch1y','Seymour Witard','switard1y@vkontakte.ru','Luxembourg','1990-04-20','Male'),('abrake35','Hortense Imorts','himorts35@flickr.com','China','1981-06-07','Female'),('abroseke7t','Minnie Romushkin','mromushkin7t@amazon.co.uk','Ukraine','1987-07-11','Female'),('acutforth1k','Jarad Sothern','jsothern1k@symantec.com','Philippines','1987-07-20','Male'),('adicker30','Karilynn Tidbury','ktidbury30@youku.com','Sweden','1988-07-15','Female'),('aerrington82','Zebedee McAvinchey','zmcavinchey82@sun.com','Czech Republic','1994-10-11','Male'),('aflasby5t','Verena Tofful','vtofful5t@live.com','China','1993-08-07','Female'),('agaiger6f','Moss Lansdown','mlansdown6f@slate.com','China','1993-05-30','Male'),('agoodsell6z','Jasmine Knibley','jknibley6z@craigslist.org','Paraguay','1994-02-24','Female'),('agot4l','Sylvester Gaythorpe','sgaythorpe4l@plala.or.jp','China','1987-11-05','Male'),('ahaddinton20','Pearl Taile','ptaile20@ftc.gov','Sweden','1992-11-01','Female'),('ajuza2s','Obadias Denny','odenny2s@zdnet.com','Zambia','1986-06-24','Male'),('akenforth39','Gery Shivlin','gshivlin39@issuu.com','Indonesia','1997-08-15','Male'),('aloblie8r','Othilia Steed','osteed8r@tinyurl.com','China','1991-06-11','Female'),('aloveland44','Odilia Onn','oonn44@oaic.gov.au','Argentina','1989-11-21','Female'),('alumsdall2o','Chelsea Murrie','cmurrie2o@bloglovin.com','France','1992-07-27','Female'),('amacparlan7q','Pedro O\'Regan','poregan7q@liveinternet.ru','Iraq','1995-03-04','Male'),('amullenr','Conan Okenfold','cokenfoldr@yahoo.com','Portugal','1992-06-05','Male'),('amundford2p','Samaria Ingolotti','singolotti2p@army.mil','Sweden','1988-10-27','Female'),('aodowne2d','Ralina Abbati','rabbati2d@symantec.com','China','1983-05-20','Female'),('aparkman6q','Roscoe Cejka','rcejka6q@mapy.cz','Portugal','1992-11-04','Male'),('apirdy3g','Isidro Authers','iauthers3g@google.com','China','1994-06-26','Male'),('arolls19','Lucais Fairbard','lfairbard19@seesaa.net','Portugal','1987-11-21','Male'),('asettle1q','Ardyth MacAvddy','amacavddy1q@google.com','Indonesia','1995-08-10','Female'),('aspadeck2b','Muhammad Larciere','mlarciere2b@ebay.com','Belarus','2000-01-19','Male'),('avalerio63','Annamarie Giovanardi','agiovanardi63@walmart.com','Kazakhstan','1990-09-12','Female'),('awhitrod1l','Berkly Leftbridge','bleftbridge1l@surveymonkey.com','Iran','2001-02-25','Male'),('awickliffe6y','Theobald Holtum','tholtum6y@businesswire.com','Finland','1986-09-04','Male'),('awilbraham7u','Joannes Wilne','jwilne7u@ted.com','Uganda','1994-03-01','Female'),('bbeaman2e','Keir Phillipps','kphillipps2e@e-recht24.de','Zambia','1985-12-03','Male'),('bcopins2j','Gifford Gillard','ggillard2j@nyu.edu','Sweden','1987-07-30','Male'),('bdrews1w','Lucas Bucksey','lbucksey1w@studiopress.com','Indonesia','1990-05-28','Male'),('bemanulsson1t','Nil Markham','nmarkham1t@microsoft.com','Indonesia','2001-07-18','Male'),('bferreiro3h','Ibrahim Mandrier','imandrier3h@ca.gov','Russia','1989-02-15','Male'),('bhalahan14','Janela Armell','jarmell14@flickr.com','Azerbaijan','1986-05-26','Female'),('bhamshaw7w','Isaiah Kubanek','ikubanek7w@ucla.edu','Sweden','1981-05-05','Male'),('bhulmes43','Munmro Stannering','mstannering43@yellowpages.com','China','1996-05-26','Male'),('bjailler11','Giacinta Probat','gprobat11@pbs.org','United States','1982-02-18','Female'),('bklimczak6v','Jessy Smeath','jsmeath6v@discuz.net','Indonesia','2000-03-09','Female'),('bmardall0','Cleavland Kaser','ckaser0@ucla.edu','Japan','1994-08-19','Male'),('bmazella1g','Ellen Clair','eclair1g@fc2.com','Czech Republic','1986-03-03','Female'),('bmepham34','Kristan Kiddell','kkiddell34@goo.gl','China','1997-09-23','Female'),('bmoodie7l','Mitchell Lindeberg','mlindeberg7l@columbia.edu','Indonesia','1989-07-27','Male'),('bnoyce1u','Anatollo Antognelli','aantognelli1u@hibu.com','China','1982-03-23','Male'),('bparlatt8','Bobbe Montfort','bmontfort8@webeden.co.uk','Portugal','1984-10-22','Female'),('bseakings3o','Byran Wolford','bwolford3o@discuz.net','Brazil','1999-10-14','Male'),('btout54','Gale Dmitrievski','gdmitrievski54@flavors.me','Indonesia','1987-01-30','Male'),('bwoodhallc','Waring Senechault','wsenechaultc@yelp.com','China','1985-07-31','Male'),('bzavattero2k','Delia Nemchinov','dnemchinov2k@oakley.com','China','1980-11-16','Female'),('candreini83','Hallsy Sheerman','hsheerman83@freewebs.com','South Africa','1992-02-28','Male'),('ccollocott57','Eugene Freezer','efreezer57@moonfruit.com','Western Sahara','1984-12-08','Male'),('cdandy6g','Claudina Bladge','cbladge6g@yahoo.com','United Arab Emirates','1989-04-25','Female'),('cfabler7v','Doretta Tuite','dtuite7v@yahoo.co.jp','Brazil','1984-02-20','Female'),('cferretti7d','Byron Gough','bgough7d@sohu.com','Ivory Coast','1983-12-19','Male'),('cfrosdickg','Bren Goodier','bgoodierg@godaddy.com','Portugal','1991-01-02','Male'),('cglowacki3i','Winne Goby','wgoby3i@wikispaces.com','Canada','1994-01-14','Female'),('cgrogor23','Mayer Giraudeau','mgiraudeau23@artisteer.com','China','1991-02-06','Male'),('chakeworthy','Birgit Storie','bstoriey@nifty.com','China','2000-04-01','Female'),('chawsby5y','Jonathon Laybourn','jlaybourn5y@homestead.com','Portugal','1998-06-21','Male'),('civic45','Haily Tweede','htweede45@etsy.com','Iran','1982-09-18','Male'),('cklulisek2l','Cathie Townshend','ctownshend2l@nbcnews.com','Nigeria','1988-02-13','Female'),('cmarriott7j','Rafaellle Simonini','rsimonini7j@dmoz.org','Portugal','1996-10-22','Male'),('cmartinson4w','Rowena Dregan','rdregan4w@shareasale.com','Brazil','1992-08-15','Female'),('cnugent42','Merrielle Seatter','mseatter42@house.gov','Philippines','1982-08-20','Female'),('cpedgrift2m','Aindrea Reavell','areavell2m@indiegogo.com','Honduras','2000-12-12','Female'),('cpedreschi4o','Ricky Heppenspall','rheppenspall4o@umich.edu','Brazil','1998-04-09','Female'),('cphippen3q','Darice Menis','dmenis3q@51.la','Portugal','1996-09-29','Female'),('cpugh12','Stanford Naper','snaper12@ucla.edu','Syria','1982-04-18','Male'),('cradborne8g','Dita Orta','dorta8g@webeden.co.uk','Afghanistan','1994-11-06','Female'),('creaney8a','Hildegarde Itchingham','hitchingham8a@symantec.com','Sweden','1999-03-04','Female'),('creinisch3n','Towny Butterly','tbutterly3n@phoca.cz','Russia','1994-04-01','Male'),('croskeilly7p','Candi Maciejewski','cmaciejewski7p@umn.edu','Indonesia','1989-01-10','Female'),('crush5e','Lazar Peery','lpeery5e@sciencedaily.com','Norway','1999-10-16','Male'),('cselby5r','Hilde Baggarley','hbaggarley5r@economist.com','Ireland','1999-12-21','Female'),('cstanney3z','Britte Readwood','breadwood3z@miitbeian.gov.cn','Indonesia','2001-01-06','Female'),('ctimny17','Myrtle Baynard','mbaynard17@stumbleupon.com','Venezuela','2001-09-01','Female'),('cwallentin1m','Jemmie Fosh','jfosh1m@upenn.edu','Indonesia','1982-04-27','Female'),('cwyson62','Lev Tuiller','ltuiller62@spiegel.de','Zimbabwe','2000-07-09','Male'),('dalway85','Barrett Weightman','bweightman85@jigsy.com','Philippines','1998-02-02','Male'),('dbrazener86','Chuck Lapre','clapre86@fc2.com','Cuba','1996-02-22','Male'),('dcaen29','Courtnay Taylo','ctaylo29@newyorker.com','China','1999-02-06','Female'),('dcrissil5l','Jodie Aspell','jaspell5l@ftc.gov','Czech Republic','2000-10-29','Female'),('ddake13','Siouxie Grigorescu','sgrigorescu13@telegraph.co.uk','Philippines','1987-08-11','Female'),('ddiviney15','Wilone Ollivier','wollivier15@ezinearticles.com','Canada','1990-11-12','Female'),('dfleg7z','Sally Cordier','scordier7z@vkontakte.ru','Indonesia','1994-06-19','Female'),('dgierkeb','Pembroke Shakesby','pshakesbyb@tripod.com','Portugal','1995-08-20','Male'),('dgilbey55','Jeddy Huskinson','jhuskinson55@discovery.com','Portugal','1988-08-17','Male'),('dgoodlake7c','Clementius Cowterd','ccowterd7c@nps.gov','Tunisia','1988-04-30','Male'),('dhappert6d','Sean Brough','sbrough6d@ow.ly','Czech Republic','1995-03-28','Female'),('dhastewell21','Gabriella Graybeal','ggraybeal21@latimes.com','Indonesia','1992-12-01','Female'),('dimas30','Dimas Bagas Ono','dims@jalbum.net','Indonesia','1992-12-27','Male'),('dlissett8e','Morris Larway','mlarway8e@1688.com','Thailand','2001-07-27','Male'),('dmaskelyne72','Issiah Habercham','ihabercham72@reddit.com','China','1997-01-10','Male'),('dmcgray2x','Malachi Ovize','movize2x@shop-pro.jp','China','1984-03-06','Male'),('dmcleary4i','Cal Schoffel','cschoffel4i@twitpic.com','Panama','1993-06-14','Male'),('dnarup1f','Kelly Keese','kkeese1f@ezinearticles.com','Palestinian Territory','1987-10-12','Female'),('dtimletts','Hurley Turton','hturtons@altervista.org','Philippines','1994-04-02','Male'),('dvedstra8w','Jasen Beardmore','jbeardmore8w@godaddy.com','Japan','1999-04-27','Male'),('dyarker80','Lew Goodenough','lgoodenough80@plala.or.jp','Czech Republic','1983-03-28','Male'),('eblincko1v','Reagan Morrissey','rmorrissey1v@amazon.co.jp','Brazil','1997-05-22','Male'),('ebucknell4m','Tabitha Hacking','thacking4m@netscape.com','Cuba','1982-07-25','Female'),('echateletp','Stearn Ostridge','sostridgep@flickr.com','Germany','1982-02-15','Male'),('eewell7a','Jodi Quene','jquene7a@cbsnews.com','Greece','1989-01-29','Female'),('egawthorped','Pippa Isselee','pisseleed@tiny.cc','Russia','1993-10-23','Female'),('ekittles76','Sandy Ochterlony','sochterlony76@npr.org','Indonesia','1982-03-23','Female'),('eluke2c','Nichole Precious','nprecious2c@narod.ru','China','1992-01-15','Male'),('eschoffler18','Ivor Wisedale','iwisedale18@dion.ne.jp','Japan','1984-02-13','Male'),('eselliman6o','Andros McQuillan','amcquillan6o@flickr.com','China','2001-05-09','Male'),('esims58','Pietrek Rigney','prigney58@cafepress.com','Honduras','1984-08-28','Male'),('esleaford7n','Billie Canton','bcanton7n@csmonitor.com','Philippines','2000-04-17','Female'),('etremberth5p','Audy Thick','athick5p@nymag.com','Bulgaria','1993-03-28','Female'),('ezoucho','Ina Radish','iradisho@hubpages.com','Japan','2000-02-15','Female'),('fclerk1o','Miltie Blacksland','mblacksland1o@un.org','Uruguay','1986-02-03','Male'),('fcoules6s','Georgia Phil','gphil6s@live.com','China','1990-11-06','Female'),('fdillingstone3y','Berty Heild','bheild3y@instagram.com','Lithuania','1986-10-20','Female'),('fernaldi21','Fernaldi Gideon','fer@gmail.com','Indonesia','1994-09-25','Male'),('fmartinson4p','Demeter Lowell','dlowell4p@gizmodo.com','Indonesia','1991-10-28','Female'),('fmathouse78','Tami Mercik','tmercik78@elpais.com','Indonesia','1984-01-05','Female'),('fmebiusv','Marshal Follen','mfollenv@gnu.org','Colombia','1986-03-23','Male'),('fpeirpoint4a','Flynn Gibling','fgibling4a@miibeian.gov.cn','Brazil','1989-12-04','Male'),('fsimonson9','Ange Mackleden','amackleden9@typepad.com','Brazil','1987-12-01','Male'),('ftilbury4t','Candy Bollini','cbollini4t@networkadvertising.org','Indonesia','1987-11-26','Female'),('fweems3w','Selena Keyhoe','skeyhoe3w@ted.com','Portugal','1988-11-21','Female'),('gdenecamp3a','Irene Scroyton','iscroyton3a@admin.ch','Philippines','1994-12-23','Female'),('gdumphries59','Shelbi Zapatero','szapatero59@livejournal.com','Poland','1995-12-27','Female'),('gfriesz','Alexandrina Neillans','aneillansz@slate.com','Netherlands','1988-05-26','Female'),('ghallgate3b','Julianne Shakesbye','jshakesbye3b@marriott.com','Indonesia','1991-08-22','Female'),('ghanwell6n','Alex Bosley','abosley6n@ftc.gov','Indonesia','1995-09-19','Male'),('ghudspithj','Caralie McReynold','cmcreynoldj@cbsnews.com','Thailand','1999-10-06','Female'),('gkeyson32','Walther Calbrathe','wcalbrathe32@tmall.com','Ethiopia','1982-02-03','Male'),('gkwietek7o','Debby Limer','dlimer7o@nydailynews.com','Israel','1990-01-26','Female'),('glearie75','Kandy Sertin','ksertin75@nifty.com','Indonesia','1984-04-23','Female'),('glonginan','Donia Roscow','droscown@time.com','China','1983-06-28','Female'),('gmandifield70','Danielle Norres','dnorres70@mashable.com','Guatemala','1987-05-06','Female'),('gmeasor60','Tremaine Stollenberg','tstollenberg60@rediff.com','Indonesia','1987-06-07','Male'),('gminihan8y','Timmie Indruch','tindruch8y@patch.com','Peru','1981-04-01','Female'),('gpattingtonh','Nikos Scrivenor','nscrivenorh@boston.com','Ukraine','1997-11-19','Male'),('gpienk','Stan Georghiou','sgeorghiouk@smh.com.au','Canada','1987-10-31','Male'),('gsharp8t','Marlin Trevains','mtrevains8t@merriam-webster.com','Libya','1988-02-19','Male'),('gspiers3v','Kassandra Rofe','krofe3v@cbslocal.com','Bangladesh','1998-05-06','Female'),('gtrahmel1b','Shanta Cadany','scadany1b@netlog.com','Russia','1992-01-10','Female'),('hacutt5s','Elmo Ching','eching5s@google.es','Costa Rica','1993-10-22','Male'),('hbattie8m','Cyb Durman','cdurman8m@toplist.cz','Russia','1992-04-10','Female'),('hcostell31','Chelsae Teideman','cteideman31@amazon.co.jp','Indonesia','1991-02-20','Female'),('hhubber24','Benton Wallbridge','bwallbridge24@cyberchimps.com','Indonesia','1988-12-06','Male'),('hmabe8f','Lucila Shelmardine','lshelmardine8f@ebay.com','China','1981-02-04','Female'),('hpavlenko49','Goraud Smylie','gsmylie49@zdnet.com','Portugal','1983-12-25','Male'),('hrothert3u','Somerset Mixworthy','smixworthy3u@theatlantic.com','Indonesia','1984-09-21','Male'),('hsheddan7m','Ardeen Batting','abatting7m@bloglines.com','Ukraine','1988-10-30','Female'),('htedorenko5c','Marve Harkins','mharkins5c@cdbaby.com','Indonesia','1994-08-14','Male'),('iarundale1s','Reid Vispo','rvispo1s@goodreads.com','Philippines','1982-03-10','Male'),('ieallisx','Dietrich Brute','dbrutex@mlb.com','Norway','1983-12-17','Male'),('ifosdike3m','Devin Cicchetto','dcicchetto3m@youtu.be','Indonesia','1981-07-19','Male'),('imcpheat4d','Nikita Merwe','nmerwe4d@webmd.com','Mali','1990-12-03','Male'),('imechan7h','Hayley Dovermann','hdovermann7h@g.co','China','1989-04-22','Female'),('itant6b','Orel Chatelot','ochatelot6b@howstuffworks.com','France','1982-08-11','Female'),('jantuoni8d','Elizabeth Farryn','efarryn8d@cpanel.net','China','1982-11-25','Female'),('jbaldcock1z','Maurita Forrest','mforrest1z@twitpic.com','China','1981-07-12','Female'),('jbax74','Babara Brissard','bbrissard74@ycombinator.com','South Africa','1983-04-21','Female'),('jcuff8x','Brooks Lanchbury','blanchbury8x@github.com','Angola','1994-02-07','Male'),('jeddowes3x','Karel Leadstone','kleadstone3x@bbc.co.uk','Venezuela','1997-07-31','Male'),('jferie33','Nadean Gagen','ngagen33@dyndns.org','Ukraine','1986-05-07','Female'),('jgracey69','Doyle Hannond','dhannond69@google.nl','Sri Lanka','1985-11-18','Male'),('jkite10','Twyla Feavers','tfeavers10@macromedia.com','China','1991-08-10','Female'),('jkleinstern65','Esme Rainbird','erainbird65@google.pl','Peru','1982-11-06','Female'),('jlombardo73','Teressa Reyner','treyner73@jugem.jp','Russia','1992-06-18','Female'),('jpendall5q','Cathleen Cubbin','ccubbin5q@bluehost.com','Philippines','1996-07-30','Female'),('jpoynterq','Nissa Rubinow','nrubinowq@printfriendly.com','Iceland','1983-05-05','Female'),('jrayer8s','Margo Crack','mcrack8s@a8.net','China','1997-06-01','Female'),('jshemelt47','Nell Croney','ncroney47@prlog.org','Greece','1992-04-09','Female'),('jsilcock8i','Kassandra Dowgill','kdowgill8i@php.net','Brazil','1981-04-26','Female'),('jswansbury2a','Debor Durker','ddurker2a@jiathis.com','France','1982-04-18','Female'),('jtitchen77','Prince Ohanessian','pohanessian77@spiegel.de','Russia','1998-07-06','Male'),('kbelsey3d','Renie Stenners','rstenners3d@behance.net','Philippines','1988-11-29','Female'),('kbuyers79','Nancie Showers','nshowers79@furl.net','Canada','1990-11-08','Female'),('kcaldes64','Onfroi Bambrugh','obambrugh64@ucsd.edu','Indonesia','1982-10-13','Male'),('kclemsonf','Perry Pratten','pprattenf@disqus.com','Sweden','1982-06-22','Male'),('kcurnok5v','Gunar Blackaby','gblackaby5v@businessweek.com','Portugal','1984-02-15','Male'),('kding1p','Aeriell Ciccerale','aciccerale1p@statcounter.com','Croatia','2000-10-31','Female'),('kgerdes4c','Felix Dive','fdive4c@google.es','France','1998-12-20','Male'),('kghidelli5k','Stacie Moreinu','smoreinu5k@bandcamp.com','South Africa','1991-09-25','Female'),('kharrington6k','Eyde Akitt','eakitt6k@addthis.com','Brazil','1996-01-10','Female'),('khulme6h','Galvin Mateja','gmateja6h@storify.com','Indonesia','1982-03-16','Male'),('kmcgloughlin1','Ash Pitbladdo','apitbladdo1@tinypic.com','Brazil','1988-12-29','Male'),('kneward5z','Standford Gellier','sgellier5z@mediafire.com','Russia','1996-05-25','Male'),('konraet88','Koren Biggins','kbiggins88@senate.gov','Brazil','1985-06-26','Female'),('kseston4j','Locke Blondin','lblondin4j@unblog.fr','Madagascar','1994-09-10','Male'),('kshallcrass5i','Irvine Bispham','ibispham5i@paginegialle.it','Luxembourg','1987-06-24','Male'),('ktargetter6t','Jeannette Shepley','jshepley6t@ihg.com','Australia','1991-10-13','Female'),('ktassell2h','Welch Wills','wwills2h@amazon.com','Madagascar','1987-09-03','Male'),('ktow5d','Morry MacGuffie','mmacguffie5d@rakuten.co.jp','Indonesia','1983-07-26','Male'),('kyushankin3f','Karine Konneke','kkonneke3f@people.com.cn','Poland','1995-10-14','Female'),('lbrimham3k','Fonsie Audibert','faudibert3k@ucla.edu','Peru','1987-07-01','Male'),('lbrunia','Ole Rahill','orahilla@cnn.com','Canada','1986-05-09','Male'),('lcanavan4k','Lulita Weathers','lweathers4k@auda.org.au','Mexico','1982-07-18','Female'),('lcavnor8v','Jodie Lob','jlob8v@bloglines.com','Poland','1993-11-18','Male'),('lcollacombe4g','Chick Ulyat','culyat4g@cnet.com','Tajikistan','1987-05-30','Male'),('lcullnean6j','Eldon Goodee','egoodee6j@wunderground.com','Philippines','1983-08-07','Male'),('lfashion87','Augusto Kolakowski','akolakowski87@hubpages.com','Russia','2001-09-14','Male'),('lharp2n','Gaspar Belf','gbelf2n@blogger.com','Brazil','1981-08-28','Male'),('lhearty6w','Urbano Plevey','uplevey6w@hugedomains.com','Russia','1999-10-31','Male'),('llamswood6p','Forrester Shurrocks','fshurrocks6p@bluehost.com','United States','1989-10-16','Male'),('lnaden53','Tina Bolduc','tbolduc53@google.nl','Philippines','1991-08-27','Female'),('lovene','Agnola Rudolf','arudolfe@army.mil','Mexico','1981-07-30','Female'),('lpadula36','Sascha Chadwin','schadwin36@liveinternet.ru','Indonesia','1988-11-29','Male'),('lphythean4h','Eliot Stiant','estiant4h@biglobe.ne.jp','Japan','2000-03-01','Male'),('lratcliffe3j','Hailey Dietzler','hdietzler3j@ucoz.ru','Indonesia','1993-04-30','Male'),('lriccione6u','Melodee MacCrann','mmaccrann6u@livejournal.com','Estonia','1997-09-18','Female'),('lsillito4q','Corette Pitceathly','cpitceathly4q@phpbb.com','Pakistan','1984-09-07','Female'),('lwiseman1a','Carce Osboldstone','cosboldstone1a@apache.org','Vietnam','1986-02-28','Male'),('mcathenod4s','Ximenez Purse','xpurse4s@ibm.com','Indonesia','2001-03-11','Male'),('mcollopy71','Stevie Curneen','scurneen71@de.vu','China','1989-02-06','Male'),('mcraig3p','Zack Kochel','zkochel3p@gov.uk','China','2001-05-21','Male'),('mdougharty5w','Janaya Marle','jmarle5w@intel.com','United States','1988-08-12','Female'),('mdusting5u','Maurie Chinnock','mchinnock5u@smugmug.com','United States','1986-12-13','Male'),('measterfield28','Barrie Scade','bscade28@youtube.com','Portugal','1981-02-04','Female'),('melwyn5h','Vicky Tregear','vtregear5h@ameblo.jp','Libya','1993-10-31','Female'),('mgodspede26','Donnie Boutflour','dboutflour26@blogs.com','China','1997-05-10','Male'),('mhallor67','Kinna Zimmermanns','kzimmermanns67@people.com.cn','Sweden','1998-06-18','Female'),('mhandsheart7','Gayla Gallamore','ggallamore7@123-reg.co.uk','China','1981-09-30','Female'),('mhurrant','Rachelle Hassall','rhassallt@indiegogo.com','China','1998-09-15','Female'),('mkiely4v','Sayer Branchett','sbranchett4v@pinterest.com','China','1987-06-30','Male'),('mkindell5j','Freddi Vigers','fvigers5j@eventbrite.com','South Africa','1984-04-01','Female'),('mkoppell','Lowe Papen','lpapenl@furl.net','Brazil','1998-05-01','Male'),('mleere8j','Micky Troy','mtroy8j@ask.com','Bosnia and Herzegovina','1985-02-12','Male'),('mmacmorland6a','Millisent Walduck','mwalduck6a@people.com.cn','China','1990-04-06','Female'),('mmartschke27','Jeffry Harner','jharner27@un.org','China','1993-12-06','Male'),('mmunslow4e','Colver Thor','cthor4e@noaa.gov','Russia','1992-05-17','Male'),('mriall1h','Clarence Miere','cmiere1h@salon.com','Georgia','1992-12-06','Male'),('mshirlaw2t','Coraline Clayfield','cclayfield2t@redcross.org','Portugal','1996-06-03','Female'),('msilber16','Sidney Eallis','seallis16@lulu.com','China','1985-09-17','Male'),('msweeny8l','Marissa Almon','malmon8l@techcrunch.com','Estonia','1987-11-23','Female'),('mtomczykiewicz2y','Brook MacKenney','bmackenney2y@state.gov','Tanzania','2001-03-17','Female'),('mtrowler1j','Sig Charpling','scharpling1j@mlb.com','Malaysia','1992-04-07','Male'),('mtunsley7y','Cati Ivanyushkin','civanyushkin7y@lycos.com','Ukraine','1985-05-09','Female'),('mvillaret2r','Donal Skarin','dskarin2r@skype.com','United States','1987-10-16','Male'),('mwayman5m','Reyna Huzzay','rhuzzay5m@webmd.com','Indonesia','1992-10-14','Female'),('mwaywell4x','Rad Francke','rfrancke4x@domainmarket.com','Philippines','1990-09-07','Male'),('nforbear5a','Natalee O\'Carran','nocarran5a@baidu.com','China','1995-12-08','Female'),('ngergely6i','Henriette Boutellier','hboutellier6i@i2i.jp','Philippines','1987-03-04','Female'),('nhorney6l','Raphaela Farthin','rfarthin6l@infoseek.co.jp','China','1991-12-12','Female'),('nkull3r','Blondie Reynolds','breynolds3r@psu.edu','Bosnia and Herzegovina','2000-12-20','Female'),('nlenard37','Cesya Purseglove','cpurseglove37@ft.com','Philippines','1992-09-01','Female'),('odudbridge2','Cy Alsford','calsford2@tamu.edu','North Korea','1993-02-20','Male'),('oloudianm','Sylvan Summerrell','ssummerrellm@github.com','Dominican Republic','1986-06-30','Male'),('oskures5b','Ody Rutt','orutt5b@washington.edu','Portugal','1986-10-07','Male'),('palster1e','Philippa Ford','pford1e@t.co','Brazil','1985-10-30','Female'),('pbarg1n','Bevan Facey','bfacey1n@shutterfly.com','Ireland','1991-12-11','Male'),('pbrastead8q','Micheal Dunsire','mdunsire8q@wordpress.org','Panama','1984-04-26','Male'),('pdecruse6x','Mignon Spittles','mspittles6x@reverbnation.com','Brazil','1981-09-07','Female'),('pdugmore8p','Vivien Baldacco','vbaldacco8p@mapy.cz','Argentina','1982-02-04','Female'),('pdumigan8h','Beaufort Dooly','bdooly8h@photobucket.com','Argentina','1986-03-13','Male'),('phousin52','Eleonore Cornehl','ecornehl52@toplist.cz','Indonesia','1991-04-14','Female'),('phumblestone1r','Talbert Possa','tpossa1r@apache.org','Morocco','1999-04-18','Male'),('phyndley2f','Graehme Colin','gcolin2f@linkedin.com','Indonesia','1985-03-05','Male'),('pjeandon1c','Fredi Hesser','fhesser1c@ocn.ne.jp','Nigeria','1983-08-06','Female'),('preeds7e','Zaccaria Sandcraft','zsandcraft7e@typepad.com','Russia','1989-03-22','Male'),('prookesby5g','Caroljean Deering','cdeering5g@blog.com','China','2000-05-06','Female'),('pstitwell4f','Siward Siggins','ssiggins4f@qq.com','Kyrgyzstan','1986-03-09','Male'),('psturton5f','Ravid Magowan','rmagowan5f@tiny.cc','Kazakhstan','2000-07-17','Male'),('pwashbrooku','Westleigh Meredyth','wmeredythu@cbsnews.com','Iran','2000-09-30','Male'),('pyakovich50','Carolee Ebbins','cebbins50@timesonline.co.uk','South Africa','1994-09-09','Female'),('rallibon3t','Ivette Coard','icoard3t@gravatar.com','Panama','1981-06-21','Female'),('rbernardo68','Astra Clymer','aclymer68@a8.net','Brazil','1985-05-30','Female'),('rdelves46','Jarid Guyot','jguyot46@hexun.com','Indonesia','1981-09-25','Male'),('rdeniset81','Tate Hurrion','thurrion81@archive.org','Russia','1987-06-22','Male'),('rdjorvic3e','Rinaldo Leindecker','rleindecker3e@japanpost.jp','Ethiopia','1992-04-06','Male'),('rfarncombe7g','Frasier Gillibrand','fgillibrand7g@vimeo.com','Argentina','1992-10-17','Male'),('rfarrington5','Mira Matussow','mmatussow5@bbc.co.uk','Indonesia','1982-02-28','Female'),('rgallant8u','Mead Cullnean','mcullnean8u@networkadvertising.org','Portugal','1994-05-18','Male'),('rgoncaves3','Jessamine Tschiersch','jtschiersch3@cnbc.com','Nigeria','1995-07-06','Female'),('rhallen4b','Falito Wathall','fwathall4b@cafepress.com','China','1988-10-04','Male'),('rhasell8k','Lila Brisseau','lbrisseau8k@g.co','Armenia','2000-05-08','Female'),('rhixson66','El Satyford','esatyford66@shop-pro.jp','Poland','1985-08-29','Male'),('rkeys7r','Marlene Gladdor','mgladdor7r@google.fr','Sweden','2000-11-13','Female'),('rpinilla8b','Ivar Edelston','iedelston8b@answers.com','Russia','1990-03-03','Male'),('rpoznanski4u','Paul Menico','pmenico4u@jigsy.com','China','2001-05-30','Male'),('rrickets7f','Hobey Enoch','henoch7f@addthis.com','China','1998-01-16','Male'),('rsheards8c','Viviana Beagrie','vbeagrie8c@dailymail.co.uk','Kazakhstan','1982-08-15','Female'),('rstorer22','Barrie Deneve','bdeneve22@dmoz.org','Canada','1999-02-20','Male'),('rtomei7i','Thelma Oxshott','toxshott7i@bluehost.com','China','1993-06-28','Female'),('sbexon4y','Cort Blaase','cblaase4y@meetup.com','Russia','1993-08-22','Male'),('sbithany7b','Antony Dominik','adominik7b@vkontakte.ru','Chile','1984-04-21','Male'),('sbrunner1x','Euell Horley','ehorley1x@jalbum.net','Indonesia','1997-03-07','Male'),('scajkler56','Alix Yurin','ayurin56@sun.com','Sweden','1999-04-01','Female'),('scarnegie89','Kristal Vasyutkin','kvasyutkin89@amazon.de','Indonesia','1984-09-16','Female'),('sdufore2q','Merrick Torrent','mtorrent2q@icio.us','Djibouti','2001-07-07','Male'),('sgovieri','Peadar Ure','purei@usnews.com','Ireland','2001-04-24','Male'),('shurran4z','Ellary Cabral','ecabral4z@artisteer.com','Afghanistan','1992-03-12','Male'),('silyenko2u','Jacinda Hasser','jhasser2u@blinklist.com','Japan','1986-10-06','Female'),('skibbe7k','Osgood Kos','okos7k@pbs.org','China','1993-12-27','Male'),('slabitt5n','Gram Spry','gspry5n@independent.co.uk','Philippines','1987-01-04','Male'),('smcjerrow1d','Paloma Bellows','pbellows1d@techcrunch.com','Indonesia','1998-01-13','Female'),('sriglesford6','Joey Colbrun','jcolbrun6@economist.com','China','1981-12-11','Female'),('sscripturew','Margarethe Edds','meddsw@purevolume.com','Brazil','1997-01-25','Female'),('sshelborne2g','Guthrie Shuttlewood','gshuttlewood2g@statcounter.com','Israel','2000-08-14','Male'),('ssomerscales25','Graehme Leinthall','gleinthall25@japanpost.jp','China','1982-02-21','Male'),('swhipp6c','Issy Callcott','icallcott6c@who.int','Argentina','2000-12-01','Female'),('syurinov3s','Tybi Tommasetti','ttommasetti3s@vinaora.com','Thailand','1992-10-09','Female'),('tborghese8o','Casar Birch','cbirch8o@nytimes.com','Poland','1999-12-13','Male'),('tcollocott3l','Marsh MacTrusty','mmactrusty3l@bandcamp.com','Kyrgyzstan','1987-05-30','Male'),('teisak5x','Hope Vasilmanov','hvasilmanov5x@ocn.ne.jp','France','1984-02-07','Female'),('tgullefant4r','Derek Drynan','ddrynan4r@hugedomains.com','Philippines','1989-10-18','Male'),('tloffill2i','Maury Vause','mvause2i@dyndns.org','Indonesia','1996-04-05','Male'),('tmarrows1i','Carley Railton','crailton1i@alexa.com','Brazil','1988-01-19','Female'),('toshesnan5o','Khalil Ivanitsa','kivanitsa5o@toplist.cz','Honduras','1999-01-02','Male'),('tpichmann41','Nettie Skuce','nskuce41@ft.com','Colombia','1994-08-14','Female'),('tsteggals2w','Isaiah Dunwoody','idunwoody2w@elegantthemes.com','Mauritius','1997-03-26','Male'),('ttockell6r','Karoly Keeler','kkeeler6r@blog.com','Niger','1989-10-17','Male'),('TuanYon','Tunas Anang Yonis','wrowler90@wsj.com','Thailand','1996-12-23','Male'),('vakker4','Elwood Mahaddie','emahaddie4@ifeng.com','China','1986-02-21','Male'),('vbrahams7x','Alec Vondrys','avondrys7x@bandcamp.com','Afghanistan','1996-11-27','Male'),('vcassey2z','Leandra Scroggs','lscroggs2z@sourceforge.net','China','1998-11-30','Female'),('vgamwell2v','Thorsten Barnwille','tbarnwille2v@xing.com','Portugal','1984-02-26','Male'),('vhansie51','Liz MacArdle','lmacardle51@fda.gov','China','1990-07-13','Female'),('vkleine7s','Nikolai Cubuzzi','ncubuzzi7s@github.io','Thailand','1992-01-30','Male'),('vprovis38','Daryn Rowbotham','drowbotham38@narod.ru','East Timor','1996-10-03','Female'),('vrudman84','Major Remington','mremington84@tumblr.com','Indonesia','1983-01-20','Male'),('vsanders3c','Sisely Janaway','sjanaway3c@digg.com','China','1990-08-10','Female'),('wmerryfield8n','Dinny Chaffyn','dchaffyn8n@google.com','China','1988-04-01','Female'),('wohenery61','Bald Hellikes','bhellikes61@wiley.com','Portugal','2001-02-11','Male'),('zleyrroyd4n','Hashim Poppy','hpoppy4n@sciencedirect.com','Brazil','1987-05-12','Male'),('zridgwell40','Fabian Green','fgreen40@is.gd','China','1998-12-07','Male');
/*!40000 ALTER TABLE `user_data` ENABLE KEYS */;
UNLOCK TABLES;
/*!40103 SET TIME_ZONE=@OLD_TIME_ZONE */;

/*!40101 SET SQL_MODE=@OLD_SQL_MODE */;
/*!40014 SET FOREIGN_KEY_CHECKS=@OLD_FOREIGN_KEY_CHECKS */;
/*!40014 SET UNIQUE_CHECKS=@OLD_UNIQUE_CHECKS */;
/*!40101 SET CHARACTER_SET_CLIENT=@OLD_CHARACTER_SET_CLIENT */;
/*!40101 SET CHARACTER_SET_RESULTS=@OLD_CHARACTER_SET_RESULTS */;
/*!40101 SET COLLATION_CONNECTION=@OLD_COLLATION_CONNECTION */;
/*!40111 SET SQL_NOTES=@OLD_SQL_NOTES */;

-- Dump completed on 2020-11-26 14:08:44
